,ind_dataset,ood_dataset,rep_model,sample_size,vanilla_p,kn_p,sampler
0,Njordind,Njordind,VanillaVAE,10,0.005504107472088089,0.06297834565003745,RandomSampler
1,Njordind,Njordind,VanillaVAE,10,0.0011199940092764561,0.03219223124637178,RandomSampler
2,Njordind,Njordind,VanillaVAE,10,0.01187626850606438,0.06297834565003745,RandomSampler
3,Njordind,Njordind,VanillaVAE,10,0.02011989730315067,0.006806179435775496,RandomSampler
4,Njordind,Njordind,VanillaVAE,10,0.011570103383451102,0.006806179435775496,RandomSampler
5,Njordind,Njordind,VanillaVAE,10,0.0008739297459396919,0.11503649785001328,RandomSampler
6,Njordind,Njordind,VanillaVAE,10,7.511510634609008e-06,0.03219223124637178,RandomSampler
7,Njordind,Njordind,VanillaVAE,10,0.0002095380018613585,0.02243304151007743,RandomSampler
8,Njordind,Njordind,VanillaVAE,10,0.0009152840371490766,0.19774379978505477,RandomSampler
9,Njordind,Njordind,VanillaVAE,10,0.0005325847859592586,0.006806179435775496,RandomSampler
10,Njordind,Njordind,VanillaVAE,10,5.986247349063916e-05,0.15199631923056828,RandomSampler
11,Njordind,Njordind,VanillaVAE,10,0.009331197288731552,0.04541899021115892,RandomSampler
12,Njordind,Njordind,VanillaVAE,10,0.00939818410430604,0.006806179435775496,RandomSampler
13,Njordind,Njordind,VanillaVAE,10,0.00854805971221917,0.04541899021115892,RandomSampler
14,Njordind,Njordind,VanillaVAE,10,0.002910619076904626,0.03219223124637178,RandomSampler
15,Njordind,Njordind,VanillaVAE,10,0.023830010364557452,0.06297834565003745,RandomSampler
16,Njordind,Njordind,VanillaVAE,10,0.002463041085072945,0.06297834565003745,RandomSampler
17,Njordind,Njordind,VanillaVAE,10,0.004126299075540768,0.25303977906339303,RandomSampler
18,Njordind,Njordind,VanillaVAE,10,0.004869112721854138,0.04541899021115892,RandomSampler
19,Njordind,Njordind,VanillaVAE,10,6.872042636544468e-05,0.03219223124637178,RandomSampler
20,Njordind,Njordind,VanillaVAE,10,0.001778351685345766,0.08578017804312826,RandomSampler
21,Njordind,Njordind,VanillaVAE,10,6.216736002069396e-05,0.06297834565003745,RandomSampler
22,Njordind,Njordind,VanillaVAE,10,0.020383616687875028,0.08578017804312826,RandomSampler
23,Njordind,Njordind,VanillaVAE,10,0.0017925205949681012,0.11503649785001328,RandomSampler
24,Njordind,Njordind,VanillaVAE,10,0.013539547008082353,0.11503649785001328,RandomSampler
25,Njordind,Njordind,VanillaVAE,10,0.021853535505542254,0.004396267459114668,RandomSampler
26,Njordind,Njordind,VanillaVAE,10,7.67458526363902e-05,0.0006178973521373264,RandomSampler
27,Njordind,Njordind,VanillaVAE,10,0.01867599014224075,0.04541899021115892,RandomSampler
28,Njordind,Njordind,VanillaVAE,10,0.10349282958863093,0.06297834565003745,RandomSampler
29,Njordind,Njordind,VanillaVAE,10,0.011221701591191624,0.19774379978505477,RandomSampler
30,Njordind,Njordind,VanillaVAE,10,0.021408326556014545,0.04541899021115892,RandomSampler
31,Njordind,Njordind,VanillaVAE,10,0.008719494922843962,0.02243304151007743,RandomSampler
32,Njordind,Njordind,VanillaVAE,10,8.256467014639921e-07,0.004396267459114668,RandomSampler
33,Njordind,Njordind,VanillaVAE,10,0.09402876865441656,0.03219223124637178,RandomSampler
34,Njordind,Njordind,VanillaVAE,10,2.117985189080914e-10,0.02243304151007743,RandomSampler
35,Njordind,Njordind,VanillaVAE,10,1.3355755576267069e-05,0.002783205073058452,RandomSampler
36,Njordind,Njordind,VanillaVAE,10,0.006412851452675988,0.03219223124637178,RandomSampler
37,Njordind,Njordind,VanillaVAE,10,0.001940956920376387,0.04541899021115892,RandomSampler
38,Njordind,Njordind,VanillaVAE,10,0.008790500112916266,0.11503649785001328,RandomSampler
39,Njordind,Njordind,VanillaVAE,10,6.196287440300618e-06,0.00035640144010714247,RandomSampler
40,Njordind,Njordind,VanillaVAE,10,0.0017982167291841961,0.11503649785001328,RandomSampler
41,Njordind,Njordind,VanillaVAE,10,0.00029451033558135513,0.06297834565003745,RandomSampler
42,Njordind,Njordind,VanillaVAE,10,0.0012044368394742654,0.11503649785001328,RandomSampler
43,Njordind,Njordind,VanillaVAE,10,1.64410326325053e-05,0.015364482537903207,RandomSampler
44,Njordind,Njordind,VanillaVAE,10,0.019641479072099344,0.04541899021115892,RandomSampler
45,Njordind,Njordind,VanillaVAE,10,2.8175049102643526e-06,0.04541899021115892,RandomSampler
46,Njordind,Njordind,VanillaVAE,10,0.0012659743287908485,0.02243304151007743,RandomSampler
47,Njordind,Njordind,VanillaVAE,10,0.003979676665988668,0.04541899021115892,RandomSampler
48,Njordind,Njordind,VanillaVAE,10,0.0025321532837675876,0.002783205073058452,RandomSampler
49,Njordind,Njordind,VanillaVAE,10,0.008091908675431414,0.04541899021115892,RandomSampler
50,Njordind,Njordind,VanillaVAE,10,0.0012812735432516911,0.06297834565003745,RandomSampler
51,Njordind,Njordind,VanillaVAE,10,0.013292520392359508,0.04541899021115892,RandomSampler
52,Njordind,Njordind,VanillaVAE,10,0.0036532395612643115,0.02243304151007743,RandomSampler
53,Njordind,Njordind,VanillaVAE,10,0.04349946608372923,0.03219223124637178,RandomSampler
54,Njordind,Njordind,VanillaVAE,10,0.004492577957421212,0.11503649785001328,RandomSampler
55,Njordind,Njordind,VanillaVAE,10,0.002546444859432332,0.06297834565003745,RandomSampler
56,Njordind,Njordind,VanillaVAE,10,0.003946663382772899,0.08578017804312826,RandomSampler
57,Njordind,Njordind,VanillaVAE,10,2.8443454025553606e-05,0.010329637176077959,RandomSampler
58,Njordind,Njordind,VanillaVAE,10,0.0025818339442475234,0.11503649785001328,RandomSampler
59,Njordind,Njordind,VanillaVAE,10,0.019204489290218563,0.11503649785001328,RandomSampler
60,Njordind,Njordind,VanillaVAE,10,0.0006987821440230227,0.00035640144010714247,RandomSampler
61,Njordind,Njordind,VanillaVAE,10,3.363986565672008e-05,0.11503649785001328,RandomSampler
62,Njordind,Njordind,VanillaVAE,10,0.004620273474475389,0.02243304151007743,RandomSampler
63,Njordind,Njordind,VanillaVAE,10,0.059237166163968236,0.04541899021115892,RandomSampler
64,Njordind,Njordind,VanillaVAE,10,0.019762157504160993,0.04541899021115892,RandomSampler
65,Njordind,Njordind,VanillaVAE,10,0.022110282995913777,0.03219223124637178,RandomSampler
66,Njordind,Njordind,VanillaVAE,10,0.0041626915726872,0.11503649785001328,RandomSampler
67,Njordind,Njordind,VanillaVAE,10,0.0023845694774491093,0.004396267459114668,RandomSampler
68,Njordind,Njordind,VanillaVAE,10,0.015691581322011205,0.19774379978505477,RandomSampler
69,Njordind,Njordind,VanillaVAE,10,0.00019572947267682813,0.002783205073058452,RandomSampler
70,Njordind,Njordind,VanillaVAE,10,0.007314228728870118,0.015364482537903207,RandomSampler
71,Njordind,Njordind,VanillaVAE,10,0.016819773351695266,0.08578017804312826,RandomSampler
72,Njordind,Njordind,VanillaVAE,10,0.07357074851722123,0.08578017804312826,RandomSampler
73,Njordind,Njordind,VanillaVAE,10,0.01953741308410617,0.02243304151007743,RandomSampler
74,Njordind,Njordind,VanillaVAE,10,0.0036731380986556763,0.04541899021115892,RandomSampler
75,Njordind,Njordind,VanillaVAE,10,0.0010479346022501657,0.11503649785001328,RandomSampler
76,Njordind,Njordind,VanillaVAE,10,0.011610520142990799,0.015364482537903207,RandomSampler
77,Njordind,Njordind,VanillaVAE,10,0.0012680507749157632,0.004396267459114668,RandomSampler
78,Njordind,Njordind,VanillaVAE,10,0.015410387447195806,0.25303977906339303,RandomSampler
79,Njordind,Njordind,VanillaVAE,10,0.0054237652462577664,0.06297834565003745,RandomSampler
80,Njordind,Njordind,VanillaVAE,10,0.0033695553998945825,0.08578017804312826,RandomSampler
81,Njordind,Njordind,VanillaVAE,10,8.054461003298845e-06,0.0017252080065113414,RandomSampler
82,Njordind,Njordind,VanillaVAE,10,0.0012264315262938503,0.006806179435775496,RandomSampler
83,Njordind,Njordind,VanillaVAE,10,0.0030349512395674368,0.02243304151007743,RandomSampler
84,Njordind,Njordind,VanillaVAE,10,0.019425881800868683,0.02243304151007743,RandomSampler
85,Njordind,Njordind,VanillaVAE,10,0.06245303862375717,0.31818120337184574,RandomSampler
86,Njordind,Njordind,VanillaVAE,10,0.0005628596752597469,0.00010956692813324749,RandomSampler
87,Njordind,Njordind,VanillaVAE,10,0.003488852540676165,0.11503649785001328,RandomSampler
88,Njordind,Njordind,VanillaVAE,10,0.01072112067043085,0.11503649785001328,RandomSampler
89,Njordind,Njordind,VanillaVAE,10,0.054691474076236424,0.19774379978505477,RandomSampler
90,Njordind,Njordind,VanillaVAE,10,0.05009823927085899,0.481539813803134,RandomSampler
91,Njordind,Njordind,VanillaVAE,10,0.0015268886384514624,0.02243304151007743,RandomSampler
92,Njordind,Njordind,VanillaVAE,10,0.00017996629780151413,0.02243304151007743,RandomSampler
93,Njordind,Njordind,VanillaVAE,10,0.0013692017727584005,0.03219223124637178,RandomSampler
94,Njordind,Njordind,VanillaVAE,10,0.006140022629443083,0.31818120337184574,RandomSampler
95,Njordind,Njordind,VanillaVAE,10,0.010344974226374704,0.08578017804312826,RandomSampler
96,Njordind,Njordind,VanillaVAE,10,0.0008948935882132343,0.006806179435775496,RandomSampler
97,Njordind,Njordind,VanillaVAE,10,0.0001582460029606004,0.00020037382917069028,RandomSampler
98,Njordind,Njordind,VanillaVAE,10,0.00943183652187618,0.11503649785001328,RandomSampler
99,Njordind,Njordind,VanillaVAE,10,0.00962312165569934,0.11503649785001328,RandomSampler
100,Njordind,Njordind,VanillaVAE,10,0.09613965609137776,0.19774379978505477,RandomSampler
101,Njordind,Njordind,VanillaVAE,10,4.574405256030186e-06,0.006806179435775496,RandomSampler
102,Njordind,Njordind,VanillaVAE,10,0.004937313870048921,0.02243304151007743,RandomSampler
103,Njordind,Njordind,VanillaVAE,10,0.0018551082574394906,0.015364482537903207,RandomSampler
104,Njordind,Njordind,VanillaVAE,10,0.005719090632886763,0.06297834565003745,RandomSampler
105,Njordind,Njordind,VanillaVAE,10,0.0023759915187886987,0.04541899021115892,RandomSampler
106,Njordind,Njordind,VanillaVAE,10,0.0032119343438016534,0.11503649785001328,RandomSampler
107,Njordind,Njordind,VanillaVAE,10,0.09546241922475696,0.19774379978505477,RandomSampler
108,Njordind,Njordind,VanillaVAE,10,0.0008141576996404558,0.03219223124637178,RandomSampler
109,Njordind,Njordind,VanillaVAE,10,5.9778643092567076e-05,0.004396267459114668,RandomSampler
110,Njordind,Njordind,VanillaVAE,10,0.029489686384273073,0.03219223124637178,RandomSampler
111,Njordind,Njordind,VanillaVAE,10,0.01771561475905037,0.19774379978505477,RandomSampler
112,Njordind,Njordind,VanillaVAE,10,0.005296394266870113,0.04541899021115892,RandomSampler
113,Njordind,Njordind,VanillaVAE,10,0.0007904097775891995,0.002783205073058452,RandomSampler
114,Njordind,Njordind,VanillaVAE,10,0.0032686121559643956,0.06297834565003745,RandomSampler
115,Njordind,Njordind,VanillaVAE,10,0.00012489302271685203,0.004396267459114668,RandomSampler
116,Njordind,Njordind,VanillaVAE,10,0.001123091928224871,0.25303977906339303,RandomSampler
117,Njordind,Njordind,VanillaVAE,10,0.0004242927526246067,0.02243304151007743,RandomSampler
118,Njordind,Njordind,VanillaVAE,10,0.04616882836443792,0.06297834565003745,RandomSampler
119,Njordind,Njordind,VanillaVAE,10,0.05346383460649129,0.31818120337184574,RandomSampler
120,Njordind,Njordind,VanillaVAE,10,0.000870971721211613,0.19774379978505477,RandomSampler
121,Njordind,Njordind,VanillaVAE,10,7.997206557802856e-05,0.002783205073058452,RandomSampler
122,Njordind,Njordind,VanillaVAE,10,0.01669409857128079,0.11503649785001328,RandomSampler
123,Njordind,Njordind,VanillaVAE,10,0.0011698606459573263,0.11503649785001328,RandomSampler
124,Njordind,Njordind,VanillaVAE,10,7.5437389600157e-05,0.15199631923056828,RandomSampler
125,Njordind,Njordind,VanillaVAE,10,0.007257256830047226,0.15199631923056828,RandomSampler
126,Njordind,Njordind,VanillaVAE,10,8.91363768466597e-05,0.31818120337184574,RandomSampler
127,Njordind,Njordind,VanillaVAE,10,0.002633736873329941,0.06297834565003745,RandomSampler
128,Njordind,Njordind,VanillaVAE,10,0.019275409134931865,0.03219223124637178,RandomSampler
129,Njordind,Njordind,VanillaVAE,10,0.02110739568191755,0.19774379978505477,RandomSampler
130,Njordind,Njordind,VanillaVAE,10,0.00811032144182433,0.02243304151007743,RandomSampler
131,Njordind,Njordind,VanillaVAE,10,0.001967610212009789,0.03219223124637178,RandomSampler
132,Njordind,Njordind,VanillaVAE,10,0.0006162430180288404,0.002783205073058452,RandomSampler
133,Njordind,Njordind,VanillaVAE,10,0.01508261396420052,0.15199631923056828,RandomSampler
134,Njordind,Njordind,VanillaVAE,10,0.00021588250309025357,0.03219223124637178,RandomSampler
135,Njordind,Njordind,VanillaVAE,10,0.00016441929504406146,0.006806179435775496,RandomSampler
136,Njordind,Njordind,VanillaVAE,10,0.0005420807616363956,0.0006178973521373264,RandomSampler
137,Njordind,Njordind,VanillaVAE,10,0.01746066296585813,0.19774379978505477,RandomSampler
138,Njordind,Njordind,VanillaVAE,10,0.005013564775506988,0.39459210638345227,RandomSampler
139,Njordind,Njordind,VanillaVAE,10,0.0004630366422046585,0.06297834565003745,RandomSampler
140,Njordind,Njordind,VanillaVAE,10,0.05422837574927697,0.15199631923056828,RandomSampler
141,Njordind,Njordind,VanillaVAE,10,1.9032052162548613e-06,0.00035640144010714247,RandomSampler
142,Njordind,Njordind,VanillaVAE,10,0.00657007437155281,0.11503649785001328,RandomSampler
143,Njordind,Njordind,VanillaVAE,10,0.008743106708692272,0.19774379978505477,RandomSampler
144,Njordind,Njordind,VanillaVAE,10,0.024396270740992376,0.15199631923056828,RandomSampler
145,Njordind,Njordind,VanillaVAE,10,0.005129924113995648,0.08578017804312826,RandomSampler
146,Njordind,Njordind,VanillaVAE,10,0.035119425821930506,0.02243304151007743,RandomSampler
147,Njordind,Njordind,VanillaVAE,10,0.004334268068176199,0.010329637176077959,RandomSampler
148,Njordind,Njordind,VanillaVAE,10,0.01308875942080201,0.11503649785001328,RandomSampler
149,Njordind,Njordind,VanillaVAE,10,0.0005585808062247648,0.02243304151007743,RandomSampler
150,Njordind,Njordind,VanillaVAE,10,0.014817289842699699,0.015364482537903207,RandomSampler
151,Njordind,Njordind,VanillaVAE,10,0.01158019595630888,0.00020037382917069028,RandomSampler
152,Njordind,Njordind,VanillaVAE,10,0.0017605500485584754,0.03219223124637178,RandomSampler
153,Njordind,Njordind,VanillaVAE,10,0.027937081386649742,0.04541899021115892,RandomSampler
154,Njordind,Njordind,VanillaVAE,10,0.010873008687231067,0.06297834565003745,RandomSampler
155,Njordind,Njordind,VanillaVAE,10,0.00014453678277365773,0.00035640144010714247,RandomSampler
156,Njordind,Njordind,VanillaVAE,10,0.00023584468519824748,0.006806179435775496,RandomSampler
157,Njordind,Njordind,VanillaVAE,10,0.003811435386953459,0.06297834565003745,RandomSampler
0,Njordind,Njordind,VanillaVAE,10,3.0734544441724643e-09,1.7508018109849231e-09,ClusterSampler
1,Njordind,Njordind,VanillaVAE,10,4.4421908181478775e-18,2.6527300166438223e-11,ClusterSampler
2,Njordind,Njordind,VanillaVAE,10,1.3381987992455605e-07,2.6527300166438223e-11,ClusterSampler
3,Njordind,Njordind,VanillaVAE,10,1.2747663091592353e-24,2.6527300166438223e-11,ClusterSampler
4,Njordind,Njordind,VanillaVAE,10,8.329070153214102e-25,2.6527300166438223e-11,ClusterSampler
5,Njordind,Njordind,VanillaVAE,10,1.0327537546770693e-24,2.6527300166438223e-11,ClusterSampler
6,Njordind,Njordind,VanillaVAE,10,1.0327537546770693e-24,2.6527300166438223e-11,ClusterSampler
7,Njordind,Njordind,VanillaVAE,10,5.1625735156832755e-23,2.6527300166438223e-11,ClusterSampler
8,Njordind,Njordind,VanillaVAE,10,4.777520388562444e-10,2.6527300166438223e-11,ClusterSampler
9,Njordind,Njordind,VanillaVAE,10,2.6019856638983496e-14,2.6527300166438223e-11,ClusterSampler
10,Njordind,Njordind,VanillaVAE,10,0.0005183201780716053,0.03219223124637178,ClusterSampler
11,Njordind,Njordind,VanillaVAE,10,2.0929336285206997e-13,2.6527300166438223e-11,ClusterSampler
12,Njordind,Njordind,VanillaVAE,10,1.0549388213681807e-14,2.6527300166438223e-11,ClusterSampler
13,Njordind,Njordind,VanillaVAE,10,1.8794192008120923e-14,2.6527300166438223e-11,ClusterSampler
14,Njordind,Njordind,VanillaVAE,10,4.88812183668648e-11,7.052441913048601e-06,ClusterSampler
15,Njordind,Njordind,VanillaVAE,10,0.0,2.6527300166438223e-11,ClusterSampler
16,Njordind,Njordind,VanillaVAE,10,2.121443968906664e-12,2.9797081712253577e-05,ClusterSampler
17,Njordind,Njordind,VanillaVAE,10,5.416249310017314e-26,2.6527300166438223e-11,ClusterSampler
18,Njordind,Njordind,VanillaVAE,10,6.391483769391663e-13,2.6553827466604668e-08,ClusterSampler
19,Njordind,Njordind,VanillaVAE,10,3.958288248482981e-19,2.6527300166438223e-11,ClusterSampler
20,Njordind,Njordind,VanillaVAE,10,5.689626289255629e-12,2.6527300166438223e-11,ClusterSampler
21,Njordind,Njordind,VanillaVAE,10,4.7309751237082965e-09,2.6527300166438223e-11,ClusterSampler
22,Njordind,Njordind,VanillaVAE,10,2.3870877935123213e-22,2.6527300166438223e-11,ClusterSampler
23,Njordind,Njordind,VanillaVAE,10,9.865742065012455e-13,7.052441913048601e-06,ClusterSampler
24,Njordind,Njordind,VanillaVAE,10,1.0765499419228871e-12,2.6527300166438223e-11,ClusterSampler
25,Njordind,Njordind,VanillaVAE,10,4.401282250727651e-13,2.6527300166438223e-11,ClusterSampler
26,Njordind,Njordind,VanillaVAE,10,4.665547180132457e-13,2.6527300166438223e-11,ClusterSampler
27,Njordind,Njordind,VanillaVAE,10,0.00012505842856920066,5.786399985305171e-07,ClusterSampler
28,Njordind,Njordind,VanillaVAE,10,5.530664158026417e-12,2.6527300166438223e-11,ClusterSampler
29,Njordind,Njordind,VanillaVAE,10,5.9190826135810125e-12,2.6527300166438223e-11,ClusterSampler
30,Njordind,Njordind,VanillaVAE,10,6.01516402045551e-09,2.6527300166438223e-11,ClusterSampler
31,Njordind,Njordind,VanillaVAE,10,2.7309629022420017e-14,7.052441913048601e-06,ClusterSampler
32,Njordind,Njordind,VanillaVAE,10,5.7746526545368974e-08,2.2410263180607008e-07,ClusterSampler
33,Njordind,Njordind,VanillaVAE,10,4.1438383214859995e-28,2.6527300166438223e-11,ClusterSampler
34,Njordind,Njordind,VanillaVAE,10,5.214888311047248e-28,2.6527300166438223e-11,ClusterSampler
35,Njordind,Njordind,VanillaVAE,10,1.5175333658932857e-06,1.7508018109849231e-09,ClusterSampler
36,Njordind,Njordind,VanillaVAE,10,1.761726356337463e-07,2.6527300166438223e-11,ClusterSampler
37,Njordind,Njordind,VanillaVAE,10,4.50340722876134e-08,7.586807847601333e-09,ClusterSampler
38,Njordind,Njordind,VanillaVAE,10,2.1943315112435115e-10,1.4767376620453829e-05,ClusterSampler
39,Njordind,Njordind,VanillaVAE,10,1.5849741378840701e-12,8.085521090730372e-08,ClusterSampler
40,Njordind,Njordind,VanillaVAE,10,4.466053467576291e-23,2.6527300166438223e-11,ClusterSampler
41,Njordind,Njordind,VanillaVAE,10,3.168131717923803e-08,5.786399985305171e-07,ClusterSampler
42,Njordind,Njordind,VanillaVAE,10,7.829464928559394e-19,2.6527300166438223e-11,ClusterSampler
43,Njordind,Njordind,VanillaVAE,10,2.3453318879419613e-10,2.6527300166438223e-11,ClusterSampler
44,Njordind,Njordind,VanillaVAE,10,1.3989038300659534e-08,0.00035640144010714247,ClusterSampler
45,Njordind,Njordind,VanillaVAE,10,2.4018639016582397e-12,8.085521090730372e-08,ClusterSampler
46,Njordind,Njordind,VanillaVAE,10,8.150588852210586e-10,0.00020037382917069028,ClusterSampler
47,Njordind,Njordind,VanillaVAE,10,8.053965957300962e-07,0.00020037382917069028,ClusterSampler
48,Njordind,Njordind,VanillaVAE,10,3.910286316995291e-15,2.6527300166438223e-11,ClusterSampler
49,Njordind,Njordind,VanillaVAE,10,1.1766574466633425e-06,7.052441913048601e-06,ClusterSampler
50,Njordind,Njordind,VanillaVAE,10,2.6371599120693037e-18,2.6527300166438223e-11,ClusterSampler
51,Njordind,Njordind,VanillaVAE,10,4.853030206496715e-19,2.6527300166438223e-11,ClusterSampler
52,Njordind,Njordind,VanillaVAE,10,1.4892993140221758e-07,5.786399985305171e-07,ClusterSampler
53,Njordind,Njordind,VanillaVAE,10,2.4600821800048234e-05,1.4058938542208932e-06,ClusterSampler
54,Njordind,Njordind,VanillaVAE,10,5.214888311045589e-18,2.6527300166438223e-11,ClusterSampler
55,Njordind,Njordind,VanillaVAE,10,3.032999572900649e-13,7.052441913048601e-06,ClusterSampler
56,Njordind,Njordind,VanillaVAE,10,5.21000049741987e-09,2.9797081712253577e-05,ClusterSampler
57,Njordind,Njordind,VanillaVAE,10,1.7573736084060035e-13,7.052441913048601e-06,ClusterSampler
58,Njordind,Njordind,VanillaVAE,10,2.027924157580071e-10,3.228186739154365e-06,ClusterSampler
59,Njordind,Njordind,VanillaVAE,10,3.579037346809742e-13,2.6527300166438223e-11,ClusterSampler
60,Njordind,Njordind,VanillaVAE,10,4.768270760638821e-13,2.6527300166438223e-11,ClusterSampler
61,Njordind,Njordind,VanillaVAE,10,1.9960392130859777e-10,7.052441913048601e-06,ClusterSampler
62,Njordind,Njordind,VanillaVAE,10,1.679135462529355e-12,8.085521090730372e-08,ClusterSampler
63,Njordind,Njordind,VanillaVAE,10,6.508826294891053e-14,2.9797081712253577e-05,ClusterSampler
64,Njordind,Njordind,VanillaVAE,10,1.3834766789487502e-12,0.002783205073058452,ClusterSampler
65,Njordind,Njordind,VanillaVAE,10,2.698713161250597e-22,2.6527300166438223e-11,ClusterSampler
66,Njordind,Njordind,VanillaVAE,10,2.308984967322529e-10,0.00035640144010714247,ClusterSampler
67,Njordind,Njordind,VanillaVAE,10,1.3801856864179134e-09,2.6527300166438223e-11,ClusterSampler
68,Njordind,Njordind,VanillaVAE,10,5.248566173407649e-10,0.00020037382917069028,ClusterSampler
69,Njordind,Njordind,VanillaVAE,10,1.1692356188982641e-17,2.6527300166438223e-11,ClusterSampler
70,Njordind,Njordind,VanillaVAE,10,1.077551881492364e-14,2.6527300166438223e-11,ClusterSampler
71,Njordind,Njordind,VanillaVAE,10,4.1998390765878695e-11,2.9180030183082047e-10,ClusterSampler
72,Njordind,Njordind,VanillaVAE,10,2.2454249384731624e-16,8.085521090730372e-08,ClusterSampler
73,Njordind,Njordind,VanillaVAE,10,1.7161851644589878e-16,2.6527300166438223e-11,ClusterSampler
74,Njordind,Njordind,VanillaVAE,10,6.391483769391663e-13,2.6527300166438223e-11,ClusterSampler
75,Njordind,Njordind,VanillaVAE,10,1.8827083042274547e-12,2.2410263180607008e-07,ClusterSampler
76,Njordind,Njordind,VanillaVAE,10,3.5663025838999076e-11,1.4058938542208932e-06,ClusterSampler
77,Njordind,Njordind,VanillaVAE,10,1.19480794758463e-08,2.6527300166438223e-11,ClusterSampler
78,Njordind,Njordind,VanillaVAE,10,1.8584697850650405e-13,2.6527300166438223e-11,ClusterSampler
79,Njordind,Njordind,VanillaVAE,10,2.7309629022420017e-14,2.6527300166438223e-11,ClusterSampler
80,Njordind,Njordind,VanillaVAE,10,7.361706370270451e-14,2.6527300166438223e-11,ClusterSampler
81,Njordind,Njordind,VanillaVAE,10,2.1532072505412128e-06,2.2410263180607008e-07,ClusterSampler
82,Njordind,Njordind,VanillaVAE,10,1.1322199259564073e-29,2.6527300166438223e-11,ClusterSampler
83,Njordind,Njordind,VanillaVAE,10,9.983963497428656e-10,2.9180030183082047e-10,ClusterSampler
84,Njordind,Njordind,VanillaVAE,10,1.2191955833335205e-17,2.6527300166438223e-11,ClusterSampler
85,Njordind,Njordind,VanillaVAE,10,1.2989736458547678e-09,2.6527300166438223e-11,ClusterSampler
86,Njordind,Njordind,VanillaVAE,10,2.4646829074175097e-16,2.6527300166438223e-11,ClusterSampler
87,Njordind,Njordind,VanillaVAE,10,3.139005555901259e-09,2.6527300166438223e-11,ClusterSampler
88,Njordind,Njordind,VanillaVAE,10,2.6019856638983496e-14,2.6527300166438223e-11,ClusterSampler
89,Njordind,Njordind,VanillaVAE,10,1.0827714419751527e-13,2.6527300166438223e-11,ClusterSampler
90,Njordind,Njordind,VanillaVAE,10,2.1189554215779292e-06,0.002783205073058452,ClusterSampler
91,Njordind,Njordind,VanillaVAE,10,7.623196722038209e-14,2.6527300166438223e-11,ClusterSampler
92,Njordind,Njordind,VanillaVAE,10,1.8678880879564596e-09,8.085521090730372e-08,ClusterSampler
93,Njordind,Njordind,VanillaVAE,10,1.1635508936962979e-08,1.7508018109849231e-09,ClusterSampler
94,Njordind,Njordind,VanillaVAE,10,1.084378364546482e-16,2.6527300166438223e-11,ClusterSampler
95,Njordind,Njordind,VanillaVAE,10,8.119025096600633e-17,2.6527300166438223e-11,ClusterSampler
96,Njordind,Njordind,VanillaVAE,10,4.319933022560417e-12,2.6527300166438223e-11,ClusterSampler
97,Njordind,Njordind,VanillaVAE,10,1.2389446910802547e-11,0.00020037382917069028,ClusterSampler
98,Njordind,Njordind,VanillaVAE,10,4.87386466881569e-10,8.085521090730372e-08,ClusterSampler
99,Njordind,Njordind,VanillaVAE,10,8.499216440481858e-19,2.6527300166438223e-11,ClusterSampler
100,Njordind,Njordind,VanillaVAE,10,1.0045036808449956e-08,0.00010956692813324749,ClusterSampler
101,Njordind,Njordind,VanillaVAE,10,5.015919400712059e-13,2.6527300166438223e-11,ClusterSampler
102,Njordind,Njordind,VanillaVAE,10,9.27999478396872e-25,2.6527300166438223e-11,ClusterSampler
103,Njordind,Njordind,VanillaVAE,10,1.0327537546770693e-24,2.6527300166438223e-11,ClusterSampler
104,Njordind,Njordind,VanillaVAE,10,3.9518721785415945e-14,2.6527300166438223e-11,ClusterSampler
105,Njordind,Njordind,VanillaVAE,10,2.4069916500684877e-14,2.6527300166438223e-11,ClusterSampler
106,Njordind,Njordind,VanillaVAE,10,7.170916917123285e-14,2.6527300166438223e-11,ClusterSampler
107,Njordind,Njordind,VanillaVAE,10,4.120147974164766e-13,2.6527300166438223e-11,ClusterSampler
108,Njordind,Njordind,VanillaVAE,10,4.118043194339748e-17,2.6527300166438223e-11,ClusterSampler
109,Njordind,Njordind,VanillaVAE,10,3.522594011437945e-09,5.786399985305171e-07,ClusterSampler
110,Njordind,Njordind,VanillaVAE,10,1.519740233027295e-13,2.9180030183082047e-10,ClusterSampler
111,Njordind,Njordind,VanillaVAE,10,1.7995505750077476e-10,0.006806179435775496,ClusterSampler
112,Njordind,Njordind,VanillaVAE,10,3.865515867659161e-32,2.6527300166438223e-11,ClusterSampler
113,Njordind,Njordind,VanillaVAE,10,6.846100931352318e-32,2.6527300166438223e-11,ClusterSampler
114,Njordind,Njordind,VanillaVAE,10,7.010407353710227e-29,2.6527300166438223e-11,ClusterSampler
115,Njordind,Njordind,VanillaVAE,10,5.084484483691608e-09,2.6527300166438223e-11,ClusterSampler
116,Njordind,Njordind,VanillaVAE,10,6.721482094024089e-09,7.586807847601333e-09,ClusterSampler
117,Njordind,Njordind,VanillaVAE,10,0.0,2.6527300166438223e-11,ClusterSampler
118,Njordind,Njordind,VanillaVAE,10,0.0,2.6527300166438223e-11,ClusterSampler
119,Njordind,Njordind,VanillaVAE,10,1.194279917471664e-11,2.6527300166438223e-11,ClusterSampler
120,Njordind,Njordind,VanillaVAE,10,2.1904319177085135e-11,2.6527300166438223e-11,ClusterSampler
121,Njordind,Njordind,VanillaVAE,10,7.207593179357529e-19,2.6527300166438223e-11,ClusterSampler
122,Njordind,Njordind,VanillaVAE,10,8.403778058400185e-11,2.6527300166438223e-11,ClusterSampler
123,Njordind,Njordind,VanillaVAE,10,9.477853596965498e-08,0.004396267459114668,ClusterSampler
124,Njordind,Njordind,VanillaVAE,10,3.213675030515333e-14,2.6527300166438223e-11,ClusterSampler
125,Njordind,Njordind,VanillaVAE,10,4.98997815138447e-10,8.085521090730372e-08,ClusterSampler
126,Njordind,Njordind,VanillaVAE,10,3.3457909439371066e-13,2.6527300166438223e-11,ClusterSampler
127,Njordind,Njordind,VanillaVAE,10,2.6230692562080835e-13,2.6527300166438223e-11,ClusterSampler
128,Njordind,Njordind,VanillaVAE,10,3.8591797164241197e-07,0.00020037382917069028,ClusterSampler
129,Njordind,Njordind,VanillaVAE,10,6.062431098995757e-14,2.6527300166438223e-11,ClusterSampler
130,Njordind,Njordind,VanillaVAE,10,9.21672997502697e-14,1.7508018109849231e-09,ClusterSampler
131,Njordind,Njordind,VanillaVAE,10,2.510480663394138e-10,8.085521090730372e-08,ClusterSampler
132,Njordind,Njordind,VanillaVAE,10,4.4421908181478775e-18,2.6527300166438223e-11,ClusterSampler
133,Njordind,Njordind,VanillaVAE,10,6.971731212411359e-10,2.6527300166438223e-11,ClusterSampler
134,Njordind,Njordind,VanillaVAE,10,2.3699733905199436e-19,2.6527300166438223e-11,ClusterSampler
135,Njordind,Njordind,VanillaVAE,10,2.042814123721965e-06,5.809627289330904e-05,ClusterSampler
136,Njordind,Njordind,VanillaVAE,10,9.800277271028426e-27,2.6527300166438223e-11,ClusterSampler
137,Njordind,Njordind,VanillaVAE,10,1.1370531279826919e-10,1.7508018109849231e-09,ClusterSampler
138,Njordind,Njordind,VanillaVAE,10,7.419710077532248e-08,5.809627289330904e-05,ClusterSampler
139,Njordind,Njordind,VanillaVAE,10,3.152844497031718e-11,0.00010956692813324749,ClusterSampler
140,Njordind,Njordind,VanillaVAE,10,1.660445593766142e-10,0.002783205073058452,ClusterSampler
141,Njordind,Njordind,VanillaVAE,10,5.982908824587466e-16,7.052441913048601e-06,ClusterSampler
142,Njordind,Njordind,VanillaVAE,10,8.133857571498146e-28,2.6527300166438223e-11,ClusterSampler
143,Njordind,Njordind,VanillaVAE,10,1.0308788845978314e-09,1.4767376620453829e-05,ClusterSampler
144,Njordind,Njordind,VanillaVAE,10,1.1872186410785573e-33,2.6527300166438223e-11,ClusterSampler
145,Njordind,Njordind,VanillaVAE,10,2.264121174838141e-07,0.00035640144010714247,ClusterSampler
146,Njordind,Njordind,VanillaVAE,10,6.510394747886007e-10,2.6527300166438223e-11,ClusterSampler
147,Njordind,Njordind,VanillaVAE,10,1.061799278329302e-06,1.7508018109849231e-09,ClusterSampler
148,Njordind,Njordind,VanillaVAE,10,5.845853188235845e-15,2.6527300166438223e-11,ClusterSampler
149,Njordind,Njordind,VanillaVAE,10,7.300055903495574e-13,2.6527300166438223e-11,ClusterSampler
150,Njordind,Njordind,VanillaVAE,10,1.0895636588083877e-09,2.6527300166438223e-11,ClusterSampler
151,Njordind,Njordind,VanillaVAE,10,4.802961557394524e-13,2.6553827466604668e-08,ClusterSampler
152,Njordind,Njordind,VanillaVAE,10,6.685645440777908e-25,2.6527300166438223e-11,ClusterSampler
153,Njordind,Njordind,VanillaVAE,10,1.1480328083650474e-24,2.6527300166438223e-11,ClusterSampler
154,Njordind,Njordind,VanillaVAE,10,1.2747663091592353e-24,2.6527300166438223e-11,ClusterSampler
155,Njordind,Njordind,VanillaVAE,10,4.0751056609587205e-12,7.052441913048601e-06,ClusterSampler
156,Njordind,Njordind,VanillaVAE,10,3.011122918476535e-15,1.4058938542208932e-06,ClusterSampler
157,Njordind,Njordind,VanillaVAE,10,2.9864653482383453e-09,0.0006178973521373264,ClusterSampler
0,Njordind,Njordind,VanillaVAE,10,1.0026152636137857e-21,7.052441913048601e-06,SequentialSampler
1,Njordind,Njordind,VanillaVAE,10,7.604542124704134e-21,7.586807847601333e-09,SequentialSampler
2,Njordind,Njordind,VanillaVAE,10,6.965893310167227e-21,1.7508018109849231e-09,SequentialSampler
3,Njordind,Njordind,VanillaVAE,10,5.0993631026378714e-20,2.6527300166438223e-11,SequentialSampler
4,Njordind,Njordind,VanillaVAE,10,1.9634425717268408e-21,2.6527300166438223e-11,SequentialSampler
5,Njordind,Njordind,VanillaVAE,10,7.278916150952675e-21,2.6527300166438223e-11,SequentialSampler
6,Njordind,Njordind,VanillaVAE,10,1.9634425717268408e-21,2.6527300166438223e-11,SequentialSampler
7,Njordind,Njordind,VanillaVAE,10,2.063853284099359e-21,2.6527300166438223e-11,SequentialSampler
8,Njordind,Njordind,VanillaVAE,10,7.645961844296283e-22,2.6527300166438223e-11,SequentialSampler
9,Njordind,Njordind,VanillaVAE,10,9.849107310077009e-21,2.9180030183082047e-10,SequentialSampler
10,Njordind,Njordind,VanillaVAE,10,4.409046884217297e-20,2.9180030183082047e-10,SequentialSampler
11,Njordind,Njordind,VanillaVAE,10,8.763587990237048e-12,0.0017252080065113414,SequentialSampler
12,Njordind,Njordind,VanillaVAE,10,2.243763127773236e-12,7.586807847601333e-09,SequentialSampler
13,Njordind,Njordind,VanillaVAE,10,6.088043227202137e-12,2.6553827466604668e-08,SequentialSampler
14,Njordind,Njordind,VanillaVAE,10,2.3870877935123627e-12,8.085521090730372e-08,SequentialSampler
15,Njordind,Njordind,VanillaVAE,10,1.2583195599523556e-13,7.586807847601333e-09,SequentialSampler
16,Njordind,Njordind,VanillaVAE,10,2.2034225846262727e-14,8.085521090730372e-08,SequentialSampler
17,Njordind,Njordind,VanillaVAE,10,1.2615495653009999e-14,7.052441913048601e-06,SequentialSampler
18,Njordind,Njordind,VanillaVAE,10,4.1998390765878695e-11,8.085521090730372e-08,SequentialSampler
19,Njordind,Njordind,VanillaVAE,10,3.896929002447382e-10,2.6553827466604668e-08,SequentialSampler
20,Njordind,Njordind,VanillaVAE,10,4.172694481266238e-10,7.586807847601333e-09,SequentialSampler
21,Njordind,Njordind,VanillaVAE,10,2.3225552194932306e-10,2.6527300166438223e-11,SequentialSampler
22,Njordind,Njordind,VanillaVAE,10,2.559550293977621e-10,2.9180030183082047e-10,SequentialSampler
23,Njordind,Njordind,VanillaVAE,10,2.559550293977621e-10,2.9180030183082047e-10,SequentialSampler
24,Njordind,Njordind,VanillaVAE,10,3.754799021792596e-10,2.6527300166438223e-11,SequentialSampler
25,Njordind,Njordind,VanillaVAE,10,2.9279245892120224e-10,2.6527300166438223e-11,SequentialSampler
26,Njordind,Njordind,VanillaVAE,10,5.768753133389212e-07,0.0017252080065113414,SequentialSampler
27,Njordind,Njordind,VanillaVAE,10,5.786965725769026e-12,8.085521090730372e-08,SequentialSampler
28,Njordind,Njordind,VanillaVAE,10,3.7907987621648916e-11,7.052441913048601e-06,SequentialSampler
29,Njordind,Njordind,VanillaVAE,10,4.0364183354082586e-10,7.052441913048601e-06,SequentialSampler
30,Njordind,Njordind,VanillaVAE,10,2.005159298675925e-12,8.085521090730372e-08,SequentialSampler
31,Njordind,Njordind,VanillaVAE,10,1.3019825312550405e-16,2.2410263180607008e-07,SequentialSampler
32,Njordind,Njordind,VanillaVAE,10,3.5798849740045054e-12,8.085521090730372e-08,SequentialSampler
33,Njordind,Njordind,VanillaVAE,10,7.858631677359547e-12,7.052441913048601e-06,SequentialSampler
34,Njordind,Njordind,VanillaVAE,10,2.9627526336563376e-11,7.052441913048601e-06,SequentialSampler
35,Njordind,Njordind,VanillaVAE,10,8.393441676750735e-06,0.015364482537903207,SequentialSampler
36,Njordind,Njordind,VanillaVAE,10,4.694610823820541e-07,1.7508018109849231e-09,SequentialSampler
37,Njordind,Njordind,VanillaVAE,10,8.119025096600633e-17,2.6527300166438223e-11,SequentialSampler
38,Njordind,Njordind,VanillaVAE,10,2.1796229983576326e-11,2.6527300166438223e-11,SequentialSampler
39,Njordind,Njordind,VanillaVAE,10,5.530664158026417e-12,2.6527300166438223e-11,SequentialSampler
40,Njordind,Njordind,VanillaVAE,10,1.0848504849858921e-07,2.6553827466604668e-08,SequentialSampler
41,Njordind,Njordind,VanillaVAE,10,1.1042355217655118e-09,2.6527300166438223e-11,SequentialSampler
42,Njordind,Njordind,VanillaVAE,10,3.5791405281516654e-08,7.052441913048601e-06,SequentialSampler
43,Njordind,Njordind,VanillaVAE,10,7.466759613570589e-25,2.6527300166438223e-11,SequentialSampler
44,Njordind,Njordind,VanillaVAE,10,1.468322875758139e-09,1.7508018109849231e-09,SequentialSampler
45,Njordind,Njordind,VanillaVAE,10,4.08662768892671e-07,7.586807847601333e-09,SequentialSampler
46,Njordind,Njordind,VanillaVAE,10,1.9710587448516192e-09,1.7508018109849231e-09,SequentialSampler
47,Njordind,Njordind,VanillaVAE,10,1.2874111908833898e-12,2.6527300166438223e-11,SequentialSampler
48,Njordind,Njordind,VanillaVAE,10,3.1019924666325378e-12,2.6527300166438223e-11,SequentialSampler
49,Njordind,Njordind,VanillaVAE,10,1.1480328083650474e-24,2.6527300166438223e-11,SequentialSampler
50,Njordind,Njordind,VanillaVAE,10,4.712042273077633e-12,2.6527300166438223e-11,SequentialSampler
51,Njordind,Njordind,VanillaVAE,10,4.631150827336456e-12,2.6527300166438223e-11,SequentialSampler
52,Njordind,Njordind,VanillaVAE,10,9.101816384814019e-12,8.085521090730372e-08,SequentialSampler
53,Njordind,Njordind,VanillaVAE,10,5.015919400712059e-13,2.6527300166438223e-11,SequentialSampler
54,Njordind,Njordind,VanillaVAE,10,1.1480328083650474e-24,2.6527300166438223e-11,SequentialSampler
55,Njordind,Njordind,VanillaVAE,10,6.24466702949676e-17,2.6527300166438223e-11,SequentialSampler
56,Njordind,Njordind,VanillaVAE,10,2.1796229983576326e-11,2.6527300166438223e-11,SequentialSampler
57,Njordind,Njordind,VanillaVAE,10,1.341593726138701e-08,3.228186739154365e-06,SequentialSampler
58,Njordind,Njordind,VanillaVAE,10,2.1904319177085135e-11,2.6527300166438223e-11,SequentialSampler
59,Njordind,Njordind,VanillaVAE,10,1.3037757018307085e-07,1.7508018109849231e-09,SequentialSampler
60,Njordind,Njordind,VanillaVAE,10,1.7112524456458658e-09,2.6527300166438223e-11,SequentialSampler
61,Njordind,Njordind,VanillaVAE,10,1.5240989644246936e-09,2.6527300166438223e-11,SequentialSampler
62,Njordind,Njordind,VanillaVAE,10,1.4947648984313887e-09,2.6527300166438223e-11,SequentialSampler
63,Njordind,Njordind,VanillaVAE,10,9.064584200730248e-08,8.085521090730372e-08,SequentialSampler
64,Njordind,Njordind,VanillaVAE,10,1.2652073589427176e-09,2.6527300166438223e-11,SequentialSampler
65,Njordind,Njordind,VanillaVAE,10,8.865186940491214e-10,2.6527300166438223e-11,SequentialSampler
66,Njordind,Njordind,VanillaVAE,10,1.5489387762908084e-09,2.6527300166438223e-11,SequentialSampler
67,Njordind,Njordind,VanillaVAE,10,6.207301378337595e-10,2.6527300166438223e-11,SequentialSampler
68,Njordind,Njordind,VanillaVAE,10,1.8140221553237914e-10,2.6527300166438223e-11,SequentialSampler
69,Njordind,Njordind,VanillaVAE,10,1.918721044948062e-16,2.6527300166438223e-11,SequentialSampler
70,Njordind,Njordind,VanillaVAE,10,5.761006636131341e-10,2.6527300166438223e-11,SequentialSampler
71,Njordind,Njordind,VanillaVAE,10,4.82985715098374e-10,2.6527300166438223e-11,SequentialSampler
72,Njordind,Njordind,VanillaVAE,10,7.119484488627348e-10,2.6527300166438223e-11,SequentialSampler
73,Njordind,Njordind,VanillaVAE,10,8.334936509511234e-10,2.6527300166438223e-11,SequentialSampler
74,Njordind,Njordind,VanillaVAE,10,9.830892125527666e-09,2.9180030183082047e-10,SequentialSampler
75,Njordind,Njordind,VanillaVAE,10,3.0940294424165795e-10,2.6527300166438223e-11,SequentialSampler
76,Njordind,Njordind,VanillaVAE,10,8.65547467565073e-10,2.6527300166438223e-11,SequentialSampler
77,Njordind,Njordind,VanillaVAE,10,1.3960543977551242e-09,2.6527300166438223e-11,SequentialSampler
78,Njordind,Njordind,VanillaVAE,10,1.6414090152283073e-09,2.6527300166438223e-11,SequentialSampler
79,Njordind,Njordind,VanillaVAE,10,3.353335005637146e-17,2.6527300166438223e-11,SequentialSampler
80,Njordind,Njordind,VanillaVAE,10,1.5240989644246936e-09,2.6527300166438223e-11,SequentialSampler
81,Njordind,Njordind,VanillaVAE,10,1.3291822178230409e-09,2.6527300166438223e-11,SequentialSampler
82,Njordind,Njordind,VanillaVAE,10,1.986656051377362e-09,2.6527300166438223e-11,SequentialSampler
83,Njordind,Njordind,VanillaVAE,10,1.5489387762908084e-09,2.6527300166438223e-11,SequentialSampler
84,Njordind,Njordind,VanillaVAE,10,3.1913909317076166e-09,2.9180030183082047e-10,SequentialSampler
85,Njordind,Njordind,VanillaVAE,10,0.00018335146728476644,5.809627289330904e-05,SequentialSampler
86,Njordind,Njordind,VanillaVAE,10,5.734732198374393e-08,2.2410263180607008e-07,SequentialSampler
87,Njordind,Njordind,VanillaVAE,10,2.0192065291710146e-06,3.228186739154365e-06,SequentialSampler
88,Njordind,Njordind,VanillaVAE,10,6.5448807870994e-10,2.6527300166438223e-11,SequentialSampler
89,Njordind,Njordind,VanillaVAE,10,6.116927904972792e-07,7.052441913048601e-06,SequentialSampler
90,Njordind,Njordind,VanillaVAE,10,3.1722512468029925e-09,0.006806179435775496,SequentialSampler
91,Njordind,Njordind,VanillaVAE,10,2.9180469670054627e-07,0.00035640144010714247,SequentialSampler
92,Njordind,Njordind,VanillaVAE,10,3.8920690668172625e-08,2.2410263180607008e-07,SequentialSampler
93,Njordind,Njordind,VanillaVAE,10,1.1265768931143684e-09,8.085521090730372e-08,SequentialSampler
94,Njordind,Njordind,VanillaVAE,10,1.2619015416360147e-07,3.228186739154365e-06,SequentialSampler
95,Njordind,Njordind,VanillaVAE,10,1.5301183797432807e-08,2.6527300166438223e-11,SequentialSampler
96,Njordind,Njordind,VanillaVAE,10,3.0392038966018836e-06,8.085521090730372e-08,SequentialSampler
97,Njordind,Njordind,VanillaVAE,10,1.5783168447224976e-08,2.9180030183082047e-10,SequentialSampler
98,Njordind,Njordind,VanillaVAE,10,1.9337019408971126e-15,2.6527300166438223e-11,SequentialSampler
99,Njordind,Njordind,VanillaVAE,10,1.7805568547760714e-07,1.4058938542208932e-06,SequentialSampler
100,Njordind,Njordind,VanillaVAE,10,2.2246844008308415e-10,8.085521090730372e-08,SequentialSampler
101,Njordind,Njordind,VanillaVAE,10,2.2510013432754643e-10,8.085521090730372e-08,SequentialSampler
102,Njordind,Njordind,VanillaVAE,10,2.2072939521962782e-10,8.085521090730372e-08,SequentialSampler
103,Njordind,Njordind,VanillaVAE,10,2.0972065342354574e-10,8.085521090730372e-08,SequentialSampler
104,Njordind,Njordind,VanillaVAE,10,2.2246844008308415e-10,1.4058938542208932e-06,SequentialSampler
105,Njordind,Njordind,VanillaVAE,10,2.650055667446534e-10,0.0010451859722047311,SequentialSampler
106,Njordind,Njordind,VanillaVAE,10,5.423063022714432e-07,2.2410263180607008e-07,SequentialSampler
107,Njordind,Njordind,VanillaVAE,10,2.3556984790427746e-07,0.00035640144010714247,SequentialSampler
108,Njordind,Njordind,VanillaVAE,10,1.4228144816752252e-08,2.6527300166438223e-11,SequentialSampler
109,Njordind,Njordind,VanillaVAE,10,1.612479430358829e-11,2.9797081712253577e-05,SequentialSampler
110,Njordind,Njordind,VanillaVAE,10,3.36977248346254e-11,2.6553827466604668e-08,SequentialSampler
111,Njordind,Njordind,VanillaVAE,10,4.1610775682725636e-11,2.6553827466604668e-08,SequentialSampler
112,Njordind,Njordind,VanillaVAE,10,3.49967579414047e-11,1.4058938542208932e-06,SequentialSampler
113,Njordind,Njordind,VanillaVAE,10,1.794431908355981e-05,0.00020037382917069028,SequentialSampler
114,Njordind,Njordind,VanillaVAE,10,6.161226013905498e-09,8.085521090730372e-08,SequentialSampler
115,Njordind,Njordind,VanillaVAE,10,0.00020349522368160204,8.085521090730372e-08,SequentialSampler
116,Njordind,Njordind,VanillaVAE,10,6.637648802463029e-10,2.6527300166438223e-11,SequentialSampler
117,Njordind,Njordind,VanillaVAE,10,4.5899568904629467e-10,7.586807847601333e-09,SequentialSampler
118,Njordind,Njordind,VanillaVAE,10,3.1294366086228825e-10,2.6527300166438223e-11,SequentialSampler
119,Njordind,Njordind,VanillaVAE,10,3.4338150457724373e-14,2.6527300166438223e-11,SequentialSampler
120,Njordind,Njordind,VanillaVAE,10,1.7155831058699084e-13,2.6527300166438223e-11,SequentialSampler
121,Njordind,Njordind,VanillaVAE,10,1.7715060110583703e-13,2.6527300166438223e-11,SequentialSampler
122,Njordind,Njordind,VanillaVAE,10,2.3536914148757746e-13,2.6527300166438223e-11,SequentialSampler
123,Njordind,Njordind,VanillaVAE,10,1.3171978444859537e-08,0.002783205073058452,SequentialSampler
124,Njordind,Njordind,VanillaVAE,10,6.417801916893558e-09,8.085521090730372e-08,SequentialSampler
125,Njordind,Njordind,VanillaVAE,10,6.740297576501613e-09,8.085521090730372e-08,SequentialSampler
126,Njordind,Njordind,VanillaVAE,10,1.3891697021414863e-13,2.6527300166438223e-11,SequentialSampler
127,Njordind,Njordind,VanillaVAE,10,5.2025405025992516e-09,8.085521090730372e-08,SequentialSampler
128,Njordind,Njordind,VanillaVAE,10,6.935226820232197e-10,2.6527300166438223e-11,SequentialSampler
129,Njordind,Njordind,VanillaVAE,10,2.220462177967335e-09,2.6527300166438223e-11,SequentialSampler
130,Njordind,Njordind,VanillaVAE,10,4.873025420944154e-13,2.6527300166438223e-11,SequentialSampler
131,Njordind,Njordind,VanillaVAE,10,5.546239293457064e-13,2.6527300166438223e-11,SequentialSampler
132,Njordind,Njordind,VanillaVAE,10,8.490232816732838e-09,7.052441913048601e-06,SequentialSampler
133,Njordind,Njordind,VanillaVAE,10,7.619352362360405e-10,2.6527300166438223e-11,SequentialSampler
134,Njordind,Njordind,VanillaVAE,10,1.3622489764548914e-09,8.085521090730372e-08,SequentialSampler
135,Njordind,Njordind,VanillaVAE,10,7.619352362360405e-10,2.6527300166438223e-11,SequentialSampler
136,Njordind,Njordind,VanillaVAE,10,7.725710896903823e-10,2.6527300166438223e-11,SequentialSampler
137,Njordind,Njordind,VanillaVAE,10,7.540450278253945e-10,2.6527300166438223e-11,SequentialSampler
138,Njordind,Njordind,VanillaVAE,10,1.4996183317687856e-09,8.085521090730372e-08,SequentialSampler
139,Njordind,Njordind,VanillaVAE,10,4.076261494806723e-19,2.6527300166438223e-11,SequentialSampler
140,Njordind,Njordind,VanillaVAE,10,7.320871772547987e-10,8.085521090730372e-08,SequentialSampler
141,Njordind,Njordind,VanillaVAE,10,3.3457909439371066e-13,2.6527300166438223e-11,SequentialSampler
142,Njordind,Njordind,VanillaVAE,10,2.076512106694026e-13,2.6527300166438223e-11,SequentialSampler
143,Njordind,Njordind,VanillaVAE,10,1.8584697850650405e-13,2.6527300166438223e-11,SequentialSampler
144,Njordind,Njordind,VanillaVAE,10,9.011604266072302e-07,7.052441913048601e-06,SequentialSampler
145,Njordind,Njordind,VanillaVAE,10,5.712633014662088e-17,0.00035640144010714247,SequentialSampler
146,Njordind,Njordind,VanillaVAE,10,8.066743086863235e-30,2.6527300166438223e-11,SequentialSampler
147,Njordind,Njordind,VanillaVAE,10,1.3139997909938558e-09,2.2410263180607008e-07,SequentialSampler
148,Njordind,Njordind,VanillaVAE,10,5.885474001978332e-20,7.052441913048601e-06,SequentialSampler
149,Njordind,Njordind,VanillaVAE,10,4.766674044879404e-12,3.228186739154365e-06,SequentialSampler
150,Njordind,Njordind,VanillaVAE,10,4.046717110826593e-11,8.085521090730372e-08,SequentialSampler
151,Njordind,Njordind,VanillaVAE,10,0.00022666025371154117,0.002783205073058452,SequentialSampler
152,Njordind,Njordind,VanillaVAE,10,2.136820830841806e-08,8.085521090730372e-08,SequentialSampler
153,Njordind,Njordind,VanillaVAE,10,1.8976960820329766e-08,7.052441913048601e-06,SequentialSampler
154,Njordind,Njordind,VanillaVAE,10,8.941172014336924e-20,2.6527300166438223e-11,SequentialSampler
155,Njordind,Njordind,VanillaVAE,10,9.457657222056245e-10,2.6527300166438223e-11,SequentialSampler
156,Njordind,Njordind,VanillaVAE,10,4.0066842630858757e-10,0.0006178973521373264,SequentialSampler
157,Njordind,Njordind,VanillaVAE,10,5.368907891104939e-09,7.052441913048601e-06,SequentialSampler
0,Njordind,Njordind,VanillaVAE,20,0.0022901111659978657,0.035212687439485975,RandomSampler
1,Njordind,Njordind,VanillaVAE,20,0.014994836018234148,0.035212687439485975,RandomSampler
2,Njordind,Njordind,VanillaVAE,20,0.001209757367246711,0.02763004285783495,RandomSampler
3,Njordind,Njordind,VanillaVAE,20,0.0011176342560762498,0.02763004285783495,RandomSampler
4,Njordind,Njordind,VanillaVAE,20,0.0021626378269571367,0.02763004285783495,RandomSampler
5,Njordind,Njordind,VanillaVAE,20,0.0017200139525905822,0.009695991461466618,RandomSampler
6,Njordind,Njordind,VanillaVAE,20,0.00032705724048492305,0.012746164600618805,RandomSampler
7,Njordind,Njordind,VanillaVAE,20,4.643142215096277e-05,0.08617043964956975,RandomSampler
8,Njordind,Njordind,VanillaVAE,20,0.0004630090940682674,0.035212687439485975,RandomSampler
9,Njordind,Njordind,VanillaVAE,20,1.8841130925947826e-05,0.0015848989781653158,RandomSampler
10,Njordind,Njordind,VanillaVAE,20,0.003611048052113097,0.044538208525893144,RandomSampler
11,Njordind,Njordind,VanillaVAE,20,0.00015187748533047847,0.0021882594347639368,RandomSampler
12,Njordind,Njordind,VanillaVAE,20,0.0006917562928725474,0.05591262693934339,RandomSampler
13,Njordind,Njordind,VanillaVAE,20,0.0002716075647707822,0.06966967333380593,RandomSampler
14,Njordind,Njordind,VanillaVAE,20,0.0003607170996987865,0.016624704015678015,RandomSampler
15,Njordind,Njordind,VanillaVAE,20,0.0018478124225822512,0.0021882594347639368,RandomSampler
16,Njordind,Njordind,VanillaVAE,20,0.0005340101338704439,0.02763004285783495,RandomSampler
17,Njordind,Njordind,VanillaVAE,20,0.0002625600920114884,0.0029959756135691388,RandomSampler
18,Njordind,Njordind,VanillaVAE,20,0.014335405285048397,0.0029959756135691388,RandomSampler
19,Njordind,Njordind,VanillaVAE,20,1.1733297858168686e-07,0.0015848989781653158,RandomSampler
20,Njordind,Njordind,VanillaVAE,20,0.001576173468247788,0.044538208525893144,RandomSampler
21,Njordind,Njordind,VanillaVAE,20,4.910400328030118e-06,0.044538208525893144,RandomSampler
22,Njordind,Njordind,VanillaVAE,20,3.166234700245387e-06,0.001138145764743275,RandomSampler
23,Njordind,Njordind,VanillaVAE,20,0.002365314054719403,0.035212687439485975,RandomSampler
24,Njordind,Njordind,VanillaVAE,20,5.231254287227617e-07,8.736247530516583e-05,RandomSampler
25,Njordind,Njordind,VanillaVAE,20,9.188952981376706e-05,0.021515164959860632,RandomSampler
26,Njordind,Njordind,VanillaVAE,20,0.010064030058072548,0.05591262693934339,RandomSampler
27,Njordind,Njordind,VanillaVAE,20,0.004500801538527055,0.08617043964956975,RandomSampler
28,Njordind,Njordind,VanillaVAE,20,0.00027117021220502606,0.0029959756135691388,RandomSampler
29,Njordind,Njordind,VanillaVAE,20,0.00023192752899004208,0.012746164600618805,RandomSampler
30,Njordind,Njordind,VanillaVAE,20,0.002276747033828408,0.0015848989781653158,RandomSampler
31,Njordind,Njordind,VanillaVAE,20,0.000925476810422099,0.22350854805280182,RandomSampler
32,Njordind,Njordind,VanillaVAE,20,0.0015141330880872328,0.044538208525893144,RandomSampler
33,Njordind,Njordind,VanillaVAE,20,0.0007557410771528161,0.08617043964956975,RandomSampler
34,Njordind,Njordind,VanillaVAE,20,1.9163860536080022e-05,0.0029959756135691388,RandomSampler
35,Njordind,Njordind,VanillaVAE,20,0.0011014514134026765,0.08617043964956975,RandomSampler
36,Njordind,Njordind,VanillaVAE,20,0.0022432621800539954,0.10580006435321504,RandomSampler
37,Njordind,Njordind,VanillaVAE,20,0.0032130344253860077,0.016624704015678015,RandomSampler
38,Njordind,Njordind,VanillaVAE,20,5.551442186652094e-05,0.016624704015678015,RandomSampler
39,Njordind,Njordind,VanillaVAE,20,3.545546188205233e-07,0.007317362056681163,RandomSampler
40,Njordind,Njordind,VanillaVAE,20,2.7696842458577312e-06,3.8561225784092613e-05,RandomSampler
41,Njordind,Njordind,VanillaVAE,20,1.2071212372209006e-06,0.00012959974640395727,RandomSampler
42,Njordind,Njordind,VanillaVAE,20,0.0003275781800816409,0.021515164959860632,RandomSampler
43,Njordind,Njordind,VanillaVAE,20,0.002944496604753488,0.02763004285783495,RandomSampler
44,Njordind,Njordind,VanillaVAE,20,0.001718802286839849,0.1874416693159138,RandomSampler
45,Njordind,Njordind,VanillaVAE,20,4.5871780862143834e-05,0.021515164959860632,RandomSampler
46,Njordind,Njordind,VanillaVAE,20,0.00014013038829805468,0.0005718378976365663,RandomSampler
47,Njordind,Njordind,VanillaVAE,20,0.015467025219915276,0.009695991461466618,RandomSampler
48,Njordind,Njordind,VanillaVAE,20,0.0002685598787180679,0.0029959756135691388,RandomSampler
49,Njordind,Njordind,VanillaVAE,20,0.0031841423018982296,0.007317362056681163,RandomSampler
50,Njordind,Njordind,VanillaVAE,20,0.0006803495541374271,0.0015848989781653158,RandomSampler
51,Njordind,Njordind,VanillaVAE,20,0.004313113509521682,0.05591262693934339,RandomSampler
52,Njordind,Njordind,VanillaVAE,20,0.016507465572419555,0.26456620385223617,RandomSampler
53,Njordind,Njordind,VanillaVAE,20,0.002530313438056986,3.8561225784092613e-05,RandomSampler
54,Njordind,Njordind,VanillaVAE,20,0.0029854327101267453,0.0015848989781653158,RandomSampler
55,Njordind,Njordind,VanillaVAE,20,5.1650731383448876e-05,0.02763004285783495,RandomSampler
56,Njordind,Njordind,VanillaVAE,20,3.5648065618761236e-09,3.42983280461859e-07,RandomSampler
57,Njordind,Njordind,VanillaVAE,20,2.97377425254339e-05,0.05591262693934339,RandomSampler
58,Njordind,Njordind,VanillaVAE,20,0.000280832640740089,0.0015848989781653158,RandomSampler
59,Njordind,Njordind,VanillaVAE,20,0.00034234676326482205,0.0015848989781653158,RandomSampler
60,Njordind,Njordind,VanillaVAE,20,0.0014367906913985706,0.05591262693934339,RandomSampler
61,Njordind,Njordind,VanillaVAE,20,0.001146066780071231,0.035212687439485975,RandomSampler
62,Njordind,Njordind,VanillaVAE,20,0.006951456523940691,0.021515164959860632,RandomSampler
63,Njordind,Njordind,VanillaVAE,20,0.0028352723295193005,0.016624704015678015,RandomSampler
64,Njordind,Njordind,VanillaVAE,20,0.0052839834379689865,0.0015848989781653158,RandomSampler
65,Njordind,Njordind,VanillaVAE,20,0.000837254399419507,0.02763004285783495,RandomSampler
66,Njordind,Njordind,VanillaVAE,20,0.0001604823131709984,0.009695991461466618,RandomSampler
67,Njordind,Njordind,VanillaVAE,20,0.0070780745419603,0.08617043964956975,RandomSampler
68,Njordind,Njordind,VanillaVAE,20,0.0024654488148075915,0.009695991461466618,RandomSampler
69,Njordind,Njordind,VanillaVAE,20,1.6865456724087927e-05,0.12895877435753167,RandomSampler
70,Njordind,Njordind,VanillaVAE,20,0.0017910205284740188,0.035212687439485975,RandomSampler
71,Njordind,Njordind,VanillaVAE,20,0.0005358620445287121,8.736247530516583e-05,RandomSampler
72,Njordind,Njordind,VanillaVAE,20,0.003994163703456843,0.0029959756135691388,RandomSampler
73,Njordind,Njordind,VanillaVAE,20,0.0009999577245791702,0.08617043964956975,RandomSampler
74,Njordind,Njordind,VanillaVAE,20,0.0012358680129789246,0.035212687439485975,RandomSampler
75,Njordind,Njordind,VanillaVAE,20,0.010292869169719499,0.009695991461466618,RandomSampler
76,Njordind,Njordind,VanillaVAE,20,0.0013475313699962133,0.08617043964956975,RandomSampler
77,Njordind,Njordind,VanillaVAE,20,0.002894292288728062,0.009695991461466618,RandomSampler
78,Njordind,Njordind,VanillaVAE,20,0.003942063992704137,0.021515164959860632,RandomSampler
0,Njordind,Njordind,VanillaVAE,20,7.808646857765545e-28,6.788353033305671e-23,ClusterSampler
1,Njordind,Njordind,VanillaVAE,20,6.501028268881076e-26,6.788353033305671e-23,ClusterSampler
2,Njordind,Njordind,VanillaVAE,20,8.050275699467233e-17,1.04874841850777e-05,ClusterSampler
3,Njordind,Njordind,VanillaVAE,20,5.2978711313244256e-27,2.2995491593498684e-15,ClusterSampler
4,Njordind,Njordind,VanillaVAE,20,0.0,6.788353033305671e-23,ClusterSampler
5,Njordind,Njordind,VanillaVAE,20,2.23489274798694e-69,6.788353033305671e-23,ClusterSampler
6,Njordind,Njordind,VanillaVAE,20,5.085851277350003e-35,6.788353033305671e-23,ClusterSampler
7,Njordind,Njordind,VanillaVAE,20,1.461943757970731e-12,2.2995491593498684e-15,ClusterSampler
8,Njordind,Njordind,VanillaVAE,20,4.305915159524332e-49,6.788353033305671e-23,ClusterSampler
9,Njordind,Njordind,VanillaVAE,20,3.7770937661546465e-24,6.788353033305671e-23,ClusterSampler
10,Njordind,Njordind,VanillaVAE,20,3.813843526628009e-37,6.788353033305671e-23,ClusterSampler
11,Njordind,Njordind,VanillaVAE,20,1.1929969923975653e-23,1.56810955069361e-20,ClusterSampler
12,Njordind,Njordind,VanillaVAE,20,5.18466431927942e-18,6.160837678906893e-17,ClusterSampler
13,Njordind,Njordind,VanillaVAE,20,1.0802800841191711e-41,6.788353033305671e-23,ClusterSampler
14,Njordind,Njordind,VanillaVAE,20,1.7832715729413434e-52,6.788353033305671e-23,ClusterSampler
15,Njordind,Njordind,VanillaVAE,20,3.6415263633535955e-44,6.788353033305671e-23,ClusterSampler
16,Njordind,Njordind,VanillaVAE,20,1.1943513071132403e-13,3.453865062349671e-13,ClusterSampler
17,Njordind,Njordind,VanillaVAE,20,2.0588794725549224e-17,6.788353033305671e-23,ClusterSampler
18,Njordind,Njordind,VanillaVAE,20,4.305915159523814e-29,6.788353033305671e-23,ClusterSampler
19,Njordind,Njordind,VanillaVAE,20,3.1091074037342697e-19,3.613100901976941e-18,ClusterSampler
20,Njordind,Njordind,VanillaVAE,20,1.153421986090482e-25,6.788353033305671e-23,ClusterSampler
21,Njordind,Njordind,VanillaVAE,20,6.240555006984334e-22,2.1345989967036315e-10,ClusterSampler
22,Njordind,Njordind,VanillaVAE,20,6.955123711639998e-16,1.5756446225605784e-17,ClusterSampler
23,Njordind,Njordind,VanillaVAE,20,1.7517769758540256e-23,6.788353033305671e-23,ClusterSampler
24,Njordind,Njordind,VanillaVAE,20,1.0080300942884018e-14,3.613100901976941e-18,ClusterSampler
25,Njordind,Njordind,VanillaVAE,20,4.124457982211416e-14,3.453865062349671e-13,ClusterSampler
26,Njordind,Njordind,VanillaVAE,20,8.276839302827793e-20,6.788353033305671e-23,ClusterSampler
27,Njordind,Njordind,VanillaVAE,20,3.003181687730341e-19,3.613100901976941e-18,ClusterSampler
28,Njordind,Njordind,VanillaVAE,20,3.2866443756309254e-14,8.442096673203242e-13,ClusterSampler
29,Njordind,Njordind,VanillaVAE,20,6.409609803663661e-59,6.788353033305671e-23,ClusterSampler
30,Njordind,Njordind,VanillaVAE,20,2.7849896255438054e-30,3.613100901976941e-18,ClusterSampler
31,Njordind,Njordind,VanillaVAE,20,3.508132293414491e-13,6.052216955592254e-09,ClusterSampler
32,Njordind,Njordind,VanillaVAE,20,7.167603808667732e-29,3.2068352769254848e-09,ClusterSampler
33,Njordind,Njordind,VanillaVAE,20,1.1287716537795873e-10,1.5915884392671625e-06,ClusterSampler
34,Njordind,Njordind,VanillaVAE,20,8.870511209121457e-26,6.788353033305671e-23,ClusterSampler
35,Njordind,Njordind,VanillaVAE,20,1.5691167736079692e-26,6.788353033305671e-23,ClusterSampler
36,Njordind,Njordind,VanillaVAE,20,5.484772727300991e-17,2.1345989967036315e-10,ClusterSampler
37,Njordind,Njordind,VanillaVAE,20,2.372794184558504e-24,6.788353033305671e-23,ClusterSampler
38,Njordind,Njordind,VanillaVAE,20,1.0288178433757018e-16,6.823568632918899e-15,ClusterSampler
39,Njordind,Njordind,VanillaVAE,20,2.968314625015187e-21,3.613100901976941e-18,ClusterSampler
40,Njordind,Njordind,VanillaVAE,20,4.248227753670567e-15,3.2068352769254848e-09,ClusterSampler
41,Njordind,Njordind,VanillaVAE,20,6.668099940161268e-17,6.788353033305671e-23,ClusterSampler
42,Njordind,Njordind,VanillaVAE,20,1.1617175336012368e-19,2.2995491593498684e-15,ClusterSampler
43,Njordind,Njordind,VanillaVAE,20,2.6491310166299857e-41,3.613100901976941e-18,ClusterSampler
44,Njordind,Njordind,VanillaVAE,20,1.919009394084604e-20,2.5929546578113967e-06,ClusterSampler
45,Njordind,Njordind,VanillaVAE,20,7.873513098855397e-20,1.04874841850777e-05,ClusterSampler
46,Njordind,Njordind,VanillaVAE,20,1.3313997348086324e-28,7.345547838632435e-16,ClusterSampler
47,Njordind,Njordind,VanillaVAE,20,4.5215278305693125e-52,6.788353033305671e-23,ClusterSampler
48,Njordind,Njordind,VanillaVAE,20,1.0163129889202143e-18,2.2901541960545157e-11,ClusterSampler
49,Njordind,Njordind,VanillaVAE,20,4.2507095852175985e-25,6.788353033305671e-23,ClusterSampler
50,Njordind,Njordind,VanillaVAE,20,3.335841600069059e-13,6.823568632918899e-15,ClusterSampler
51,Njordind,Njordind,VanillaVAE,20,8.833217729942564e-16,1.3688577479706685e-13,ClusterSampler
52,Njordind,Njordind,VanillaVAE,20,1.6317087980103623e-33,6.788353033305671e-23,ClusterSampler
53,Njordind,Njordind,VanillaVAE,20,8.479139875223958e-34,6.788353033305671e-23,ClusterSampler
54,Njordind,Njordind,VanillaVAE,20,3.6577455729191936e-28,4.921800698157904e-11,ClusterSampler
55,Njordind,Njordind,VanillaVAE,20,1.4950642397183335e-43,6.788353033305671e-23,ClusterSampler
56,Njordind,Njordind,VanillaVAE,20,4.576367769644316e-20,1.5756446225605784e-17,ClusterSampler
57,Njordind,Njordind,VanillaVAE,20,2.3390305077075e-18,6.603994791978223e-08,ClusterSampler
58,Njordind,Njordind,VanillaVAE,20,4.877446101353704e-28,2.2901541960545157e-11,ClusterSampler
59,Njordind,Njordind,VanillaVAE,20,2.8459709322728595e-14,7.213303933190605e-19,ClusterSampler
60,Njordind,Njordind,VanillaVAE,20,5.8619699777847576e-27,6.788353033305671e-23,ClusterSampler
61,Njordind,Njordind,VanillaVAE,20,3.792629613429026e-14,8.442096673203242e-13,ClusterSampler
62,Njordind,Njordind,VanillaVAE,20,1.2273337223238182e-14,6.788353033305671e-23,ClusterSampler
63,Njordind,Njordind,VanillaVAE,20,8.125145714837295e-49,6.788353033305671e-23,ClusterSampler
64,Njordind,Njordind,VanillaVAE,20,5.3329015889979216e-49,6.788353033305671e-23,ClusterSampler
65,Njordind,Njordind,VanillaVAE,20,1.3326082652417187e-45,6.788353033305671e-23,ClusterSampler
66,Njordind,Njordind,VanillaVAE,20,2.114687567600557e-18,4.316652909584585e-10,ClusterSampler
67,Njordind,Njordind,VanillaVAE,20,1.7107256272726552e-19,3.42983280461859e-07,ClusterSampler
68,Njordind,Njordind,VanillaVAE,20,3.0345934480538503e-19,7.213303933190605e-19,ClusterSampler
69,Njordind,Njordind,VanillaVAE,20,8.965122036896205e-25,6.788353033305671e-23,ClusterSampler
70,Njordind,Njordind,VanillaVAE,20,2.8957658313263273e-25,6.788353033305671e-23,ClusterSampler
71,Njordind,Njordind,VanillaVAE,20,2.4418946130050247e-13,1.0354212020398027e-10,ClusterSampler
72,Njordind,Njordind,VanillaVAE,20,4.631951212176517e-16,6.160837678906893e-17,ClusterSampler
73,Njordind,Njordind,VanillaVAE,20,3.237902645482106e-37,6.788353033305671e-23,ClusterSampler
74,Njordind,Njordind,VanillaVAE,20,3.8348772137129403e-16,6.788353033305671e-23,ClusterSampler
75,Njordind,Njordind,VanillaVAE,20,6.447082424405765e-25,6.788353033305671e-23,ClusterSampler
76,Njordind,Njordind,VanillaVAE,20,1.1873188376583974e-25,6.788353033305671e-23,ClusterSampler
77,Njordind,Njordind,VanillaVAE,20,5.073568375055369e-10,2.0582533242823405e-08,ClusterSampler
78,Njordind,Njordind,VanillaVAE,20,4.2867171779873173e-35,6.788353033305671e-23,ClusterSampler
0,Njordind,Njordind,VanillaVAE,20,2.891453046319984e-41,1.0354212020398027e-10,SequentialSampler
1,Njordind,Njordind,VanillaVAE,20,1.3001752026272269e-39,7.213303933190605e-19,SequentialSampler
2,Njordind,Njordind,VanillaVAE,20,2.6491310166299857e-41,3.613100901976941e-18,SequentialSampler
3,Njordind,Njordind,VanillaVAE,20,2.1297451891438542e-42,1.4255541369941909e-21,SequentialSampler
4,Njordind,Njordind,VanillaVAE,20,4.850245740270618e-41,3.613100901976941e-18,SequentialSampler
5,Njordind,Njordind,VanillaVAE,20,3.8400240340107744e-23,4.316652909584585e-10,SequentialSampler
6,Njordind,Njordind,VanillaVAE,20,1.8532135487138419e-23,2.2060687862341267e-16,SequentialSampler
7,Njordind,Njordind,VanillaVAE,20,2.8490940672694984e-24,2.2995491593498684e-15,SequentialSampler
8,Njordind,Njordind,VanillaVAE,20,2.4275355432205617e-28,3.453865062349671e-13,SequentialSampler
9,Njordind,Njordind,VanillaVAE,20,8.948719265105795e-18,2.2995491593498684e-15,SequentialSampler
10,Njordind,Njordind,VanillaVAE,20,1.0509551767306148e-19,2.2995491593498684e-15,SequentialSampler
11,Njordind,Njordind,VanillaVAE,20,3.277377606810271e-20,1.56810955069361e-20,SequentialSampler
12,Njordind,Njordind,VanillaVAE,20,7.056212742008918e-20,7.213303933190605e-19,SequentialSampler
13,Njordind,Njordind,VanillaVAE,20,1.9781417689700205e-13,1.1245396252925662e-08,SequentialSampler
14,Njordind,Njordind,VanillaVAE,20,4.833539859174318e-14,3.8561225784092613e-05,SequentialSampler
15,Njordind,Njordind,VanillaVAE,20,1.4123714092028302e-23,2.0582533242823405e-08,SequentialSampler
16,Njordind,Njordind,VanillaVAE,20,3.0879047524541244e-23,1.0354212020398027e-10,SequentialSampler
17,Njordind,Njordind,VanillaVAE,20,9.584860405705865e-13,3.42983280461859e-07,SequentialSampler
18,Njordind,Njordind,VanillaVAE,20,1.0912824373526652e-14,1.56810955069361e-20,SequentialSampler
19,Njordind,Njordind,VanillaVAE,20,2.3753828179294473e-22,6.788353033305671e-23,SequentialSampler
20,Njordind,Njordind,VanillaVAE,20,9.527930260922455e-15,2.2995491593498684e-15,SequentialSampler
21,Njordind,Njordind,VanillaVAE,20,6.972190399616746e-16,3.453865062349671e-13,SequentialSampler
22,Njordind,Njordind,VanillaVAE,20,1.0162258143664753e-13,6.823568632918899e-15,SequentialSampler
23,Njordind,Njordind,VanillaVAE,20,1.96004703331692e-18,2.2995491593498684e-15,SequentialSampler
24,Njordind,Njordind,VanillaVAE,20,8.150824108469322e-26,6.788353033305671e-23,SequentialSampler
25,Njordind,Njordind,VanillaVAE,20,1.110167124843386e-23,6.788353033305671e-23,SequentialSampler
26,Njordind,Njordind,VanillaVAE,20,7.208152517111514e-21,3.613100901976941e-18,SequentialSampler
27,Njordind,Njordind,VanillaVAE,20,2.5842056599656667e-33,6.788353033305671e-23,SequentialSampler
28,Njordind,Njordind,VanillaVAE,20,9.449557639739807e-17,1.5915884392671625e-06,SequentialSampler
29,Njordind,Njordind,VanillaVAE,20,9.719474448449024e-15,1.0354212020398027e-10,SequentialSampler
30,Njordind,Njordind,VanillaVAE,20,1.4754337672195397e-18,6.788353033305671e-23,SequentialSampler
31,Njordind,Njordind,VanillaVAE,20,4.637678219628202e-15,3.613100901976941e-18,SequentialSampler
32,Njordind,Njordind,VanillaVAE,20,8.046633226980407e-19,3.613100901976941e-18,SequentialSampler
33,Njordind,Njordind,VanillaVAE,20,1.2078055646794198e-18,1.2022173221984342e-19,SequentialSampler
34,Njordind,Njordind,VanillaVAE,20,6.367616046764099e-23,1.4255541369941909e-21,SequentialSampler
35,Njordind,Njordind,VanillaVAE,20,2.487976204521256e-19,1.4255541369941909e-21,SequentialSampler
36,Njordind,Njordind,VanillaVAE,20,8.399784141240066e-19,6.788353033305671e-23,SequentialSampler
37,Njordind,Njordind,VanillaVAE,20,5.920494127126373e-16,3.613100901976941e-18,SequentialSampler
38,Njordind,Njordind,VanillaVAE,20,9.803694903549242e-19,6.788353033305671e-23,SequentialSampler
39,Njordind,Njordind,VanillaVAE,20,4.153350739304549e-23,6.788353033305671e-23,SequentialSampler
40,Njordind,Njordind,VanillaVAE,20,1.1692278088395678e-18,6.788353033305671e-23,SequentialSampler
41,Njordind,Njordind,VanillaVAE,20,1.991347460526628e-18,6.788353033305671e-23,SequentialSampler
42,Njordind,Njordind,VanillaVAE,20,1.2263926119418835e-11,1.0418627151176967e-11,SequentialSampler
43,Njordind,Njordind,VanillaVAE,20,6.301740024540464e-10,6.603994791978223e-08,SequentialSampler
44,Njordind,Njordind,VanillaVAE,20,1.1613254314024565e-11,2.0037182622536994e-12,SequentialSampler
45,Njordind,Njordind,VanillaVAE,20,4.986729161788572e-14,0.0021882594347639368,SequentialSampler
46,Njordind,Njordind,VanillaVAE,20,1.3951118689787984e-15,8.442096673203242e-13,SequentialSampler
47,Njordind,Njordind,VanillaVAE,20,9.095010232808409e-15,1.3688577479706685e-13,SequentialSampler
48,Njordind,Njordind,VanillaVAE,20,4.6702659106719255e-14,6.160837678906893e-17,SequentialSampler
49,Njordind,Njordind,VanillaVAE,20,1.4600506391874533e-14,2.2060687862341267e-16,SequentialSampler
50,Njordind,Njordind,VanillaVAE,20,2.534575369388658e-20,2.2995491593498684e-15,SequentialSampler
51,Njordind,Njordind,VanillaVAE,20,2.4370691918120422e-20,2.2995491593498684e-15,SequentialSampler
52,Njordind,Njordind,VanillaVAE,20,3.5133629200304576e-20,9.656970631534453e-07,SequentialSampler
53,Njordind,Njordind,VanillaVAE,20,6.630959237530347e-11,3.42983280461859e-07,SequentialSampler
54,Njordind,Njordind,VanillaVAE,20,2.7058207549670713e-18,2.2901541960545157e-11,SequentialSampler
55,Njordind,Njordind,VanillaVAE,20,8.657385782017253e-22,7.345547838632435e-16,SequentialSampler
56,Njordind,Njordind,VanillaVAE,20,6.447288205950785e-10,1.5915884392671625e-06,SequentialSampler
57,Njordind,Njordind,VanillaVAE,20,2.6255119428565476e-08,2.2995491593498684e-15,SequentialSampler
58,Njordind,Njordind,VanillaVAE,20,2.2079780311100314e-19,7.213303933190605e-19,SequentialSampler
59,Njordind,Njordind,VanillaVAE,20,4.9002970296615583e-20,3.613100901976941e-18,SequentialSampler
60,Njordind,Njordind,VanillaVAE,20,2.947574865456133e-26,6.788353033305671e-23,SequentialSampler
61,Njordind,Njordind,VanillaVAE,20,9.103613477032857e-17,1.1245396252925662e-08,SequentialSampler
62,Njordind,Njordind,VanillaVAE,20,5.559986364105123e-17,2.2995491593498684e-15,SequentialSampler
63,Njordind,Njordind,VanillaVAE,20,1.6953456924357298e-17,1.1245396252925662e-08,SequentialSampler
64,Njordind,Njordind,VanillaVAE,20,5.454960673060201e-17,6.788353033305671e-23,SequentialSampler
65,Njordind,Njordind,VanillaVAE,20,1.5380385150143557e-25,6.788353033305671e-23,SequentialSampler
66,Njordind,Njordind,VanillaVAE,20,3.733353664056286e-17,2.2995491593498684e-15,SequentialSampler
67,Njordind,Njordind,VanillaVAE,20,3.751864848869988e-18,3.613100901976941e-18,SequentialSampler
68,Njordind,Njordind,VanillaVAE,20,2.9927800095839423e-19,6.788353033305671e-23,SequentialSampler
69,Njordind,Njordind,VanillaVAE,20,3.062623553261543e-23,3.613100901976941e-18,SequentialSampler
70,Njordind,Njordind,VanillaVAE,20,2.0302839180152652e-16,1.1245396252925662e-08,SequentialSampler
71,Njordind,Njordind,VanillaVAE,20,2.1559512646234308e-26,6.788353033305671e-23,SequentialSampler
72,Njordind,Njordind,VanillaVAE,20,9.043562478233355e-12,0.0005718378976365663,SequentialSampler
73,Njordind,Njordind,VanillaVAE,20,8.681427087274168e-19,2.2995491593498684e-15,SequentialSampler
74,Njordind,Njordind,VanillaVAE,20,1.0542854875746688e-20,1.0354212020398027e-10,SequentialSampler
75,Njordind,Njordind,VanillaVAE,20,3.9339126482174544e-08,8.570233739250875e-10,SequentialSampler
76,Njordind,Njordind,VanillaVAE,20,7.350695307799433e-12,2.2901541960545157e-11,SequentialSampler
77,Njordind,Njordind,VanillaVAE,20,6.276148547949147e-24,3.613100901976941e-18,SequentialSampler
78,Njordind,Njordind,VanillaVAE,20,7.039936937108437e-15,0.0029959756135691388,SequentialSampler
0,Njordind,Njordind,VanillaVAE,50,4.022532072742527e-05,0.004241990803885136,RandomSampler
1,Njordind,Njordind,VanillaVAE,50,4.469876724675525e-06,0.012193440103454143,RandomSampler
2,Njordind,Njordind,VanillaVAE,50,2.9215208384849643e-05,0.03163522545032927,RandomSampler
3,Njordind,Njordind,VanillaVAE,50,1.3239740577512631e-06,3.5760558971456005e-05,RandomSampler
4,Njordind,Njordind,VanillaVAE,50,1.4343008202052647e-05,2.7797480290361256e-05,RandomSampler
5,Njordind,Njordind,VanillaVAE,50,3.906401023024696e-06,0.03163522545032927,RandomSampler
6,Njordind,Njordind,VanillaVAE,50,4.996446955641809e-07,0.00012030770807633029,RandomSampler
7,Njordind,Njordind,VanillaVAE,50,4.171741295774091e-05,0.007285384085566508,RandomSampler
8,Njordind,Njordind,VanillaVAE,50,2.225822643930837e-05,0.008674643734299154,RandomSampler
9,Njordind,Njordind,VanillaVAE,50,1.4178316618481524e-07,5.863623773692563e-05,RandomSampler
10,Njordind,Njordind,VanillaVAE,50,3.75108339567826e-06,0.012193440103454143,RandomSampler
11,Njordind,Njordind,VanillaVAE,50,0.0004253259048461682,0.0013299072046171411,RandomSampler
12,Njordind,Njordind,VanillaVAE,50,8.680590210045213e-07,7.527005327674752e-06,RandomSampler
13,Njordind,Njordind,VanillaVAE,50,1.2782404051746982e-05,0.005094654101451861,RandomSampler
14,Njordind,Njordind,VanillaVAE,50,1.0672547453464306e-05,0.012193440103454143,RandomSampler
15,Njordind,Njordind,VanillaVAE,50,1.8492773623158734e-08,1.730256103399168e-07,RandomSampler
16,Njordind,Njordind,VanillaVAE,50,3.82110180296446e-05,0.004241990803885136,RandomSampler
17,Njordind,Njordind,VanillaVAE,50,1.3239740577512631e-06,4.586233552928817e-05,RandomSampler
18,Njordind,Njordind,VanillaVAE,50,9.891373483336508e-09,1.2813707062952988e-05,RandomSampler
19,Njordind,Njordind,VanillaVAE,50,3.215439563285632e-08,0.0001519442863334512,RandomSampler
20,Njordind,Njordind,VanillaVAE,50,1.4520805894457463e-06,0.00019131863736034733,RandomSampler
21,Njordind,Njordind,VanillaVAE,50,1.0489950156415807e-05,0.0013299072046171411,RandomSampler
22,Njordind,Njordind,VanillaVAE,50,4.067870812715724e-06,7.473758386244858e-05,RandomSampler
23,Njordind,Njordind,VanillaVAE,50,3.1982119338415835e-07,0.00024016885633722725,RandomSampler
24,Njordind,Njordind,VanillaVAE,50,1.60390806506566e-05,0.001980634470162494,RandomSampler
25,Njordind,Njordind,VanillaVAE,50,2.5699550607177864e-08,0.0003750703116485497,RandomSampler
26,Njordind,Njordind,VanillaVAE,50,8.570582672319036e-07,5.863623773692563e-05,RandomSampler
27,Njordind,Njordind,VanillaVAE,50,1.5169667281721445e-06,0.005094654101451861,RandomSampler
28,Njordind,Njordind,VanillaVAE,50,2.301246490162337e-05,0.008674643734299154,RandomSampler
29,Njordind,Njordind,VanillaVAE,50,1.3458219808052838e-08,0.00030058481881818926,RandomSampler
30,Njordind,Njordind,VanillaVAE,50,4.765139550761623e-09,2.7797480290361256e-05,RandomSampler
0,Njordind,Njordind,VanillaVAE,50,1.5717883090713766e-29,7.790703691477819e-11,ClusterSampler
1,Njordind,Njordind,VanillaVAE,50,2.646123077466992e-63,6.425223214746535e-58,ClusterSampler
2,Njordind,Njordind,VanillaVAE,50,1.7174080055821963e-63,6.425223214746535e-58,ClusterSampler
3,Njordind,Njordind,VanillaVAE,50,1.5953789751228159e-62,6.425223214746535e-58,ClusterSampler
4,Njordind,Njordind,VanillaVAE,50,4.1902564344203744e-29,1.411681352972193e-14,ClusterSampler
5,Njordind,Njordind,VanillaVAE,50,8.230907313062996e-63,5.265026409319286e-38,ClusterSampler
6,Njordind,Njordind,VanillaVAE,50,1.151166691936163e-119,6.425223214746535e-58,ClusterSampler
7,Njordind,Njordind,VanillaVAE,50,3.849036382247475e-48,1.57066312186481e-09,ClusterSampler
8,Njordind,Njordind,VanillaVAE,50,2.1550616741752607e-98,1.427827972517681e-43,ClusterSampler
9,Njordind,Njordind,VanillaVAE,50,1.0413664991040278e-98,1.212210104588408e-35,ClusterSampler
10,Njordind,Njordind,VanillaVAE,50,3.3402315357636325e-60,5.865374559506018e-30,ClusterSampler
11,Njordind,Njordind,VanillaVAE,50,1.1265501831554479e-26,6.448052699398053e-25,ClusterSampler
12,Njordind,Njordind,VanillaVAE,50,7.896885424050917e-73,6.425223214746535e-58,ClusterSampler
13,Njordind,Njordind,VanillaVAE,50,1.6253212459413012e-80,6.425223214746535e-58,ClusterSampler
14,Njordind,Njordind,VanillaVAE,50,9.079688831032343e-72,6.425223214746535e-58,ClusterSampler
15,Njordind,Njordind,VanillaVAE,50,7.699675033881583e-44,6.978221545875946e-45,ClusterSampler
16,Njordind,Njordind,VanillaVAE,50,8.03510160492115e-24,1.3596606896854613e-29,ClusterSampler
17,Njordind,Njordind,VanillaVAE,50,7.921245971710893e-82,6.425223214746535e-58,ClusterSampler
18,Njordind,Njordind,VanillaVAE,50,7.414757278206015e-138,2.5027939129860946e-30,ClusterSampler
19,Njordind,Njordind,VanillaVAE,50,5.285872065500379e-55,4.59480737053815e-16,ClusterSampler
20,Njordind,Njordind,VanillaVAE,50,5.702026991918815e-48,8.519845982753903e-55,ClusterSampler
21,Njordind,Njordind,VanillaVAE,50,1.5348130273190096e-69,6.425223214746535e-58,ClusterSampler
22,Njordind,Njordind,VanillaVAE,50,3.152993700583576e-55,6.425223214746535e-58,ClusterSampler
23,Njordind,Njordind,VanillaVAE,50,2.1039378282773397e-121,6.425223214746535e-58,ClusterSampler
24,Njordind,Njordind,VanillaVAE,50,3.7652395661657144e-38,2.2274939861154548e-20,ClusterSampler
25,Njordind,Njordind,VanillaVAE,50,1.3561131599280519e-103,6.425223214746535e-58,ClusterSampler
26,Njordind,Njordind,VanillaVAE,50,2.015151015252979e-20,1.6883897664446674e-10,ClusterSampler
27,Njordind,Njordind,VanillaVAE,50,2.024926755182866e-12,1.2513510015809149e-15,ClusterSampler
28,Njordind,Njordind,VanillaVAE,50,2.470228738384588e-15,1.5838677128261433e-11,ClusterSampler
29,Njordind,Njordind,VanillaVAE,50,1.4460458861256615e-28,6.6088976372497446e-21,ClusterSampler
30,Njordind,Njordind,VanillaVAE,50,8.285651893676565e-64,4.893004095385547e-47,ClusterSampler
0,Njordind,Njordind,VanillaVAE,50,2.1550616741752607e-98,1.212210104588408e-35,SequentialSampler
1,Njordind,Njordind,VanillaVAE,50,5.79247761055814e-102,6.978221545875946e-45,SequentialSampler
2,Njordind,Njordind,VanillaVAE,50,3.2309751004200953e-57,1.2513510015809149e-15,SequentialSampler
3,Njordind,Njordind,VanillaVAE,50,4.179087322543373e-34,2.0504990899524323e-15,SequentialSampler
4,Njordind,Njordind,VanillaVAE,50,1.2859800194288544e-48,9.447565810928815e-42,SequentialSampler
5,Njordind,Njordind,VanillaVAE,50,7.629077633572856e-25,2.499867876984005e-06,SequentialSampler
6,Njordind,Njordind,VanillaVAE,50,1.373774874867627e-43,3.6041233703317315e-10,SequentialSampler
7,Njordind,Njordind,VanillaVAE,50,1.066198753307499e-29,1.056045129963911e-30,SequentialSampler
8,Njordind,Njordind,VanillaVAE,50,3.196592529643041e-13,2.2274939861154548e-20,SequentialSampler
9,Njordind,Njordind,VanillaVAE,50,2.818697146969408e-39,5.265026409319286e-38,SequentialSampler
10,Njordind,Njordind,VanillaVAE,50,5.106759011682809e-53,2.2353390115442473e-51,SequentialSampler
11,Njordind,Njordind,VanillaVAE,50,8.463561005238648e-31,1.3184672759422252e-19,SequentialSampler
12,Njordind,Njordind,VanillaVAE,50,1.0861695515569374e-40,2.2353390115442473e-51,SequentialSampler
13,Njordind,Njordind,VanillaVAE,50,2.3412037454103325e-49,2.2353390115442473e-51,SequentialSampler
14,Njordind,Njordind,VanillaVAE,50,5.69499978164011e-43,8.119067599812439e-48,SequentialSampler
15,Njordind,Njordind,VanillaVAE,50,6.394372475933939e-47,3.2768638395207307e-56,SequentialSampler
16,Njordind,Njordind,VanillaVAE,50,2.2861492608467113e-44,3.2768638395207307e-56,SequentialSampler
17,Njordind,Njordind,VanillaVAE,50,4.569098780301158e-11,2.2486766216565975e-09,SequentialSampler
18,Njordind,Njordind,VanillaVAE,50,3.0273476747824145e-27,1.1490827088477167e-10,SequentialSampler
19,Njordind,Njordind,VanillaVAE,50,1.4063108046043262e-22,5.2349287793733675e-24,SequentialSampler
20,Njordind,Njordind,VanillaVAE,50,3.6451489779938227e-50,1.4609936208110015e-36,SequentialSampler
21,Njordind,Njordind,VanillaVAE,50,1.7403290307190895e-19,1.4234785595806085e-13,SequentialSampler
22,Njordind,Njordind,VanillaVAE,50,5.28340296730229e-24,3.966886824247877e-18,SequentialSampler
23,Njordind,Njordind,VanillaVAE,50,8.301296227749364e-36,1.8154984192813267e-31,SequentialSampler
24,Njordind,Njordind,VanillaVAE,50,3.1510268909517246e-41,1.303660797297563e-18,SequentialSampler
25,Njordind,Njordind,VanillaVAE,50,3.1936758140090745e-41,7.716620218166966e-23,SequentialSampler
26,Njordind,Njordind,VanillaVAE,50,3.329894746335514e-42,2.2305576203473523e-13,SequentialSampler
27,Njordind,Njordind,VanillaVAE,50,6.358189744840842e-50,1.2852128659687935e-40,SequentialSampler
28,Njordind,Njordind,VanillaVAE,50,3.7311696034753514e-35,3.544466644028273e-26,SequentialSampler
29,Njordind,Njordind,VanillaVAE,50,2.602164991476166e-44,1.57066312186481e-09,SequentialSampler
30,Njordind,Njordind,VanillaVAE,50,4.1942574551632886e-18,5.722879584784426e-14,SequentialSampler
0,Njordind,Njordind,VanillaVAE,100,7.316891189596851e-13,2.6040297067824225e-06,RandomSampler
1,Njordind,Njordind,VanillaVAE,100,1.330913004625175e-08,3.434171631446249e-05,RandomSampler
2,Njordind,Njordind,VanillaVAE,100,2.101371382412583e-09,5.245379210538918e-07,RandomSampler
3,Njordind,Njordind,VanillaVAE,100,6.6518008932087e-11,6.758995110591544e-06,RandomSampler
4,Njordind,Njordind,VanillaVAE,100,2.2743166765263284e-09,0.00021383888043221194,RandomSampler
5,Njordind,Njordind,VanillaVAE,100,2.0628995028378423e-09,1.1771843989083546e-05,RandomSampler
6,Njordind,Njordind,VanillaVAE,100,5.446913862224791e-11,1.182563295511863e-06,RandomSampler
7,Njordind,Njordind,VanillaVAE,100,1.1402135350919748e-10,1.8365115807733268e-07,RandomSampler
8,Njordind,Njordind,VanillaVAE,100,6.757122316025722e-09,2.417311174608639e-05,RandomSampler
9,Njordind,Njordind,VanillaVAE,100,1.3151859910317182e-09,3.830367718604617e-06,RandomSampler
10,Njordind,Njordind,VanillaVAE,100,7.275641627598565e-10,1.7599878664687014e-06,RandomSampler
11,Njordind,Njordind,VanillaVAE,100,2.7209209945334575e-11,1.7599878664687014e-06,RandomSampler
12,Njordind,Njordind,VanillaVAE,100,3.376635386256687e-10,0.00013209773447200317,RandomSampler
13,Njordind,Njordind,VanillaVAE,100,7.197348120515035e-11,9.79835834861779e-06,RandomSampler
14,Njordind,Njordind,VanillaVAE,100,4.331518569534571e-13,2.272176941517387e-07,RandomSampler
0,Njordind,Njordind,VanillaVAE,100,2.0279177861042815e-94,1.7376312087461434e-108,ClusterSampler
1,Njordind,Njordind,VanillaVAE,100,4.122037463873244e-143,1.7995139563917767e-116,ClusterSampler
2,Njordind,Njordind,VanillaVAE,100,3.806104210931776e-70,4.2250629724131175e-26,ClusterSampler
3,Njordind,Njordind,VanillaVAE,100,2.386395675495025e-64,7.559470666253849e-41,ClusterSampler
4,Njordind,Njordind,VanillaVAE,100,4.807056204479734e-125,9.339641424533197e-69,ClusterSampler
5,Njordind,Njordind,VanillaVAE,100,7.813534448306927e-79,9.068307964613782e-25,ClusterSampler
6,Njordind,Njordind,VanillaVAE,100,3.772865210583965e-116,1.7995139563917767e-116,ClusterSampler
7,Njordind,Njordind,VanillaVAE,100,2.9250933392224087e-43,3.1688281185083285e-19,ClusterSampler
8,Njordind,Njordind,VanillaVAE,100,2.237624928352288e-79,2.7923517192224207e-18,ClusterSampler
9,Njordind,Njordind,VanillaVAE,100,3.4585523898123926e-118,2.859626075479669e-37,ClusterSampler
10,Njordind,Njordind,VanillaVAE,100,3.6519913167056296e-83,2.1130806161564142e-44,ClusterSampler
11,Njordind,Njordind,VanillaVAE,100,8.502918194174568e-83,2.775831239222091e-43,ClusterSampler
12,Njordind,Njordind,VanillaVAE,100,3.104148250390811e-147,5.039183897450968e-91,ClusterSampler
13,Njordind,Njordind,VanillaVAE,100,2.3221454097495383e-196,7.867042542647683e-79,ClusterSampler
14,Njordind,Njordind,VanillaVAE,100,5.160807220634886e-53,4.928768374924268e-21,ClusterSampler
0,Njordind,Njordind,VanillaVAE,100,2.3221454097495383e-196,3.04029652848734e-75,SequentialSampler
1,Njordind,Njordind,VanillaVAE,100,4.196443796038138e-58,1.1176091023146269e-27,SequentialSampler
2,Njordind,Njordind,VanillaVAE,100,5.639966865507977e-50,8.382530275005055e-31,SequentialSampler
3,Njordind,Njordind,VanillaVAE,100,9.536501954193575e-63,7.158393681282617e-20,SequentialSampler
4,Njordind,Njordind,VanillaVAE,100,2.58358183138713e-36,7.615148835647176e-24,SequentialSampler
5,Njordind,Njordind,VanillaVAE,100,2.195773813624937e-71,2.0056908572446886e-61,SequentialSampler
6,Njordind,Njordind,VanillaVAE,100,4.709190243619258e-87,2.553988255079067e-90,SequentialSampler
7,Njordind,Njordind,VanillaVAE,100,1.786820385453379e-86,5.660028090930735e-99,SequentialSampler
8,Njordind,Njordind,VanillaVAE,100,3.5864885794412064e-28,4.9911790571738954e-39,SequentialSampler
9,Njordind,Njordind,VanillaVAE,100,3.104938188105151e-33,3.1688281185083285e-19,SequentialSampler
10,Njordind,Njordind,VanillaVAE,100,5.138651756827901e-49,2.29994969831724e-20,SequentialSampler
11,Njordind,Njordind,VanillaVAE,100,1.3388285302255867e-39,1.068766321026828e-20,SequentialSampler
12,Njordind,Njordind,VanillaVAE,100,1.1397006487092412e-76,6.285611140905559e-34,SequentialSampler
13,Njordind,Njordind,VanillaVAE,100,9.120794736765527e-84,2.1130806161564142e-44,SequentialSampler
14,Njordind,Njordind,VanillaVAE,100,2.5124688117968267e-39,1.2741182209094298e-16,SequentialSampler
0,Njordind,Njordind,VanillaVAE,200,2.0068154000153313e-17,2.4899942181657866e-11,RandomSampler
1,Njordind,Njordind,VanillaVAE,200,2.383031478588287e-25,1.110718028876853e-08,RandomSampler
2,Njordind,Njordind,VanillaVAE,200,6.486546709250061e-13,2.9764312076109684e-09,RandomSampler
3,Njordind,Njordind,VanillaVAE,200,2.6457219791213374e-17,3.0479297461050967e-12,RandomSampler
4,Njordind,Njordind,VanillaVAE,200,6.21615701670515e-15,3.5177846426952574e-09,RandomSampler
5,Njordind,Njordind,VanillaVAE,200,2.6030190096250885e-21,7.035697937732226e-17,RandomSampler
6,Njordind,Njordind,VanillaVAE,200,2.0946689124713032e-14,1.5145900022204522e-09,RandomSampler
0,Njordind,Njordind,VanillaVAE,200,7.441501970218951e-57,2.4079592287016197e-57,ClusterSampler
1,Njordind,Njordind,VanillaVAE,200,2.8042712422565288e-188,4.498984226946332e-211,ClusterSampler
2,Njordind,Njordind,VanillaVAE,200,2.80582462251668e-229,6.848220430608597e-192,ClusterSampler
3,Njordind,Njordind,VanillaVAE,200,1.4276199295677876e-205,5.0951687453628705e-62,ClusterSampler
4,Njordind,Njordind,VanillaVAE,200,7.75571476861241e-147,1.4385754329539668e-68,ClusterSampler
5,Njordind,Njordind,VanillaVAE,200,1.3151184615592201e-143,3.5218832694809294e-19,ClusterSampler
6,Njordind,Njordind,VanillaVAE,200,4.9017588128212955e-114,1.155060906701231e-37,ClusterSampler
0,Njordind,Njordind,VanillaVAE,200,1.5606420212158068e-155,2.56638700248756e-46,SequentialSampler
1,Njordind,Njordind,VanillaVAE,200,1.4381743604023784e-61,2.6817296098812137e-21,SequentialSampler
2,Njordind,Njordind,VanillaVAE,200,3.014762836301664e-82,3.5524459740441506e-67,SequentialSampler
3,Njordind,Njordind,VanillaVAE,200,8.974365893342982e-171,2.1479783323996916e-169,SequentialSampler
4,Njordind,Njordind,VanillaVAE,200,4.088351354991156e-47,6.909103986274915e-45,SequentialSampler
5,Njordind,Njordind,VanillaVAE,200,5.365726864228673e-35,1.661369660488951e-19,SequentialSampler
6,Njordind,Njordind,VanillaVAE,200,5.111617503230442e-154,2.725207088699448e-60,SequentialSampler
0,Njordind,Njordind,VanillaVAE,500,1.8706296466711432e-48,1.3781791986111882e-26,RandomSampler
1,Njordind,Njordind,VanillaVAE,500,7.843160156083402e-38,9.060055876534443e-23,RandomSampler
2,Njordind,Njordind,VanillaVAE,500,4.048430930888737e-38,4.08493191949384e-22,RandomSampler
0,Njordind,Njordind,VanillaVAE,500,7.332453015815538e-97,1.354642619338508e-83,ClusterSampler
1,Njordind,Njordind,VanillaVAE,500,5.38819006123e-313,3.227211664774152e-89,ClusterSampler
2,Njordind,Njordind,VanillaVAE,500,4.2823233747013836e-251,4.3846840289109373e-33,ClusterSampler
0,Njordind,Njordind,VanillaVAE,500,6.953776691259706e-135,3.81427696376952e-41,SequentialSampler
1,Njordind,Njordind,VanillaVAE,500,1.2683818655883597e-110,5.327782387905086e-140,SequentialSampler
2,Njordind,Njordind,VanillaVAE,500,1.2037432887481213e-130,4.464115899189637e-43,SequentialSampler
